"sample","project","CD8","Cytotoxicity","Antigenicity","PD1","PDL1","FASLG","CXCL9","CXCL10","CCL5","Chemokine_Signature"
"TCGA-86-8358-01A-11R-2326-07","LUAD",3.01554143085195,3.18587645997112,10.4530481412275,1.08777068118734,2.4826246370381,-0.163884852015194,6.64369879668061,4.09059005861164,4.72889896623952,5.15439594051059
"TCGA-86-A4D0-01A-11R-A24H-07","LUAD",1.46667562161547,3.7696714357177,9.21395333913041,0.720322150692472,2.56643729902071,0.642220621306938,5.36208653035968,4.14466603596559,4.3914079610062,4.63272017577716
"TCGA-73-4666-01A-01R-1206-07","LUAD",4.89298231300161,5.82498682564534,11.6967128831226,3.59080317005479,6.40815305029543,2.48563571038423,9.87236350072267,6.62828726749204,7.46662631391938,7.98909236071136
"TCGA-NJ-A4YQ-01A-11R-A262-07","LUAD",4.5987578039491,4.60515979754559,10.7743195218211,3.58221940675821,3.73562769533034,2.51919759873213,8.25302930394737,5.56649463416255,7.36985036536644,7.06312476782545
"TCGA-86-7714-01A-12R-2170-07","LUAD",1.04030119361339,1.02057600164645,9.71103332838256,0.122602495478708,2.37487652631432,-1.30165421542526,3.58156102446933,1.58553869348713,3.08159325128002,2.74956432307883
"TCGA-91-8499-01A-11R-2403-07","LUAD",2.43003152313774,3.75302846362372,10.6237334365278,1.8495073012736,2.62496557205276,-1.27976003475551,7.96418253560794,5.94284480404143,5.2512557302261,6.38609435662516
"TCGA-55-7227-01A-11R-2039-07","LUAD",2.38638900142752,3.18472834726256,11.2486813369126,2.19799063930357,4.68133885703976,0.919841659725626,6.86834639849203,4.98213466147989,5.26006210271955,5.70351438756382
"TCGA-78-7158-01A-11R-2039-07","LUAD",0.592519322851425,1.55695092107909,9.83188789433273,-0.784171892505512,2.30770793798805,-0.831131396708849,3.58486478788708,2.70745765531421,3.24336559215637,3.17856267845255
"TCGA-62-A46Y-01A-11R-A24H-07","LUAD",2.90762467521555,3.34229178642213,10.5310164550531,1.59920905692003,4.88950925894309,1.18750814187043,5.26465991873112,4.93144151738313,5.48955304461665,5.22855149357697
"TCGA-97-A4M3-01A-11R-A24X-07","LUAD",0.832786547904412,1.00403681925394,9.11376611986314,0.322702444002289,1.97647686910576,-0.429019031712905,2.66764271025308,1.52161771385598,3.71435110727318,2.63453717712741
"TCGA-L9-A7SV-01A-11R-A39D-07","LUAD",1.39697867943825,1.53660096797516,8.98078252261092,0.730388016551729,1.65587763694853,-0.247461932721771,5.45899078235793,3.72792688068409,3.89563953825346,4.36085240043183
"TCGA-49-AAR3-01A-11R-A41B-07","LUAD",4.93422802923387,5.29987281630832,11.9294373248173,3.70929118361803,6.07974962063188,3.12877599955985,9.12010351797445,7.40718723413694,7.66832034551149,8.06520369920763
"TCGA-73-4662-01A-01R-1206-07","LUAD",3.0490529551156,2.86558931072603,10.817395095974,2.03355278901979,4.28739586447746,0.384967955053213,5.75205892460522,3.55803736505862,5.63896233935317,4.98301954300567
"TCGA-97-A4M5-01A-11R-A24X-07","LUAD",1.60124822589216,3.29891584429286,10.5425440655431,1.16093509369787,3.32483453917396,0.481179371322123,4.69567210027264,3.92582519732237,4.57217148239475,4.39788959332992
"TCGA-97-7547-01A-11R-2039-07","LUAD",1.73831716891125,1.47019275157357,9.95662361506416,1.43232762393704,3.15706290682852,-1.07709635384838,4.94185152056772,2.65623922445918,4.10445851935551,3.90084975479414
"TCGA-44-6145-01A-11R-1755-07","LUAD",4.72458432523687,5.18648113255483,11.5088610088451,3.76158882946955,4.8984388840737,1.58140460826095,7.79315243677988,5.8149488339367,7.07440189205903,6.8941677209252
"TCGA-35-5375-01A-01R-1628-07","LUAD",4.15170057124713,4.08732739515919,11.2403655477838,2.3838887731737,4.11928066649952,0.269009063586314,7.11203114014409,6.48886050542037,6.18174165907985,6.5942111015481
"TCGA-49-4486-01A-01R-1206-07","LUAD",1.73700408339604,1.75323018357059,10.3226747784051,0.0217759585034408,1.3931198431053,-1.70385015615668,3.01434255843443,1.95739130464123,4.32420021427968,3.09864469245178
"TCGA-62-8399-01A-21R-2326-07","LUAD",2.15808886410959,2.97583117928262,8.7272547913277,0.726871200447332,3.41642551902363,-0.803008349366038,4.22845618528359,3.2060645160924,4.48860484311006,3.97437518149535
"TCGA-80-5611-01A-01R-1628-07","LUAD",1.84072191299128,3.28657331400546,11.5325462262786,2.11947761781516,3.3249911193417,0.41421359249407,7.89741393402543,7.51920525910328,6.56409728306429,7.32690549206433
"TCGA-86-8281-01A-11R-2287-07","LUAD",1.37110193404238,1.79492973012799,9.14025698599749,0.245051264080059,1.1337837542329,-0.236614156211025,4.25792151721865,2.21724780665463,4.12237751027505,3.53251561138278
"TCGA-69-A59K-01A-11R-A262-07","LUAD",2.95350254402916,3.03513619597204,9.96012284103417,1.99335791812906,6.66356664961963,-0.263272629478277,7.08615076486083,4.68370450388275,4.83906970165724,5.53630832346694
"TCGA-44-3918-01B-02R-A277-07","LUAD",3.03045858326565,3.25044330847335,8.58154609397867,1.60626299738447,6.53292897425879,2.45125846076218,8.35998303927505,6.60387808359413,4.33079694823917,6.43155269036945
"TCGA-44-4112-01A-01R-1107-07","LUAD",2.77238472214913,3.10604711882242,9.97419860348753,0.121884178485531,3.19180492502622,-0.424214652577885,3.92615513695264,3.6782145083037,4.86823430812013,4.15753465112549
"TCGA-MP-A4T9-01A-11R-A24X-07","LUAD",2.27823141913691,2.75384296021527,10.3472568301782,3.33939366201884,4.41614589572546,-0.141748600113469,5.09152652194943,3.60102512267079,4.88206657970674,4.52487274144232
"TCGA-67-3772-01A-01R-0946-07","LUAD",2.27388070902804,3.58332023948421,11.345934095765,0.356126630502791,1.56997627487131,-1.02391963478481,4.36788404137407,4.04667851284895,5.01905223367818,4.47787159596707
"TCGA-44-8117-01A-11R-2241-07","LUAD",1.69580939570819,2.80308781141569,8.63225508331441,1.64352657242265,3.86120266198979,-0.201207329346517,6.69086559639802,4.70917170554714,4.47109504243826,5.29037744812781
"TCGA-55-8208-01A-11R-2241-07","LUAD",4.07016631069174,4.6546948588287,11.2964491780046,3.1356357963643,5.23405093568853,2.11779576415093,8.6382456526894,7.06292584632259,6.75328013312783,7.48481721071327
"TCGA-75-5122-01A-01R-1755-07","LUAD",6.76129880977655,5.80198779940772,12.4102746371539,4.65977023105846,6.0131864396351,3.45955946601619,9.57527143838718,8.14333919572956,8.5992036948402,8.77260477631898
"TCGA-49-AAR4-01A-12R-A41B-07","LUAD",5.93931275170161,5.41604500848272,11.1422381437014,4.10941483594042,4.55223184198161,2.6061152851175,6.84986189757794,4.28655253964705,8.47067231753045,6.53569558491848
"TCGA-69-7761-01A-11R-2170-07","LUAD",4.16677174369533,4.15186396208495,11.683970548343,2.75443644020399,3.87624551726366,2.45770823811826,9.18753507034298,7.37412608119362,6.59266439621805,7.71810851591822
"TCGA-50-6595-01A-12R-1858-07","LUAD",2.60834649133036,4.52415298198598,11.6140938508108,1.575800550117,6.2390742910193,0.783385881497898,7.26467277526909,8.17894006477627,6.31888504639348,7.25416596214628
"TCGA-44-6148-01A-11R-1755-07","LUAD",3.26759466324343,1.55295576598011,9.43154008962518,0.146173673753412,2.51110010118667,-0.545893969771745,2.35713882641954,1.41149595341037,3.97560306574022,2.58141261519004
"TCGA-MP-A4TF-01A-11R-A262-07","LUAD",1.92001752146598,3.57595661338297,11.2786604321882,0.767218942106876,5.05672427533695,0.550659966003026,6.18961980125974,5.87228480535456,4.45845825281406,5.50678761980945
"TCGA-97-8174-01A-11R-2287-07","LUAD",2.1401552581469,2.89115289676912,10.2071390279093,1.94864807205467,2.51031641108333,0.0705289695374387,6.46814562160026,4.18954723533368,4.82506150786988,5.16091812160127
"TCGA-99-8025-01A-11R-2241-07","LUAD",0.922542354894049,1.20143716261163,9.71455847033872,0.389256438890904,2.62116897111908,-1.80391827649038,4.60107938585038,3.31160309728361,3.58892267350275,3.83386838554558
"TCGA-MP-A4SY-01A-21R-A24X-07","LUAD",0.107335299150963,0.766822500775153,10.2426957479861,0.198798921996935,4.59769173228478,-0.970936869262192,3.94829821537494,3.24391695684557,3.13726673822031,3.4431606368136
"TCGA-75-5126-01A-01R-1755-07","LUAD",3.94353306468186,4.42598746808414,11.6541173496011,1.54100502930328,7.1326051147728,1.35622419661724,7.13691469055975,6.20046549981639,6.29348127843958,6.54362048960524
"TCGA-69-7760-01A-11R-2170-07","LUAD",-0.348980305835109,-0.290133302992895,9.79481526752767,-2.03845084985648,2.19316345963322,-3.33492112922765,1.21515378058192,0.70390853540147,1.08379551632753,1.00095261077031
"TCGA-49-AARN-01A-21R-A41B-07","LUAD",2.33746530520497,2.19304550118948,11.0215744063427,0.909739157457718,3.5772082958428,0.0574502671776007,4.45046628552713,2.67614293812964,4.91552327332779,4.01404416566152
"TCGA-91-6849-01A-11R-1949-07","LUAD",2.92134149901131,3.35472057660083,10.4793331013609,1.1847571116488,2.27220524632793,0.0899294796775265,5.43576124672136,2.5944392893308,5.50977036520497,4.51332363375238
"TCGA-49-AAQV-01A-11R-A39D-07","LUAD",2.53451870553628,2.27647248725583,11.0970261160041,2.27693532554606,3.70543429309554,-0.0255695233779819,5.10869401523981,3.60926267043968,5.29679339310705,4.67158335959552
"TCGA-05-4389-01A-01R-1206-07","LUAD",4.83470959711457,4.4844877997712,11.409474963539,2.73225436763945,3.88106600287283,2.19480975097909,7.28084044030602,5.80073813799438,6.60248953689866,6.56135603839969
"TCGA-86-7701-01A-11R-2170-07","LUAD",3.46815820219048,4.51108638066465,9.78126468406746,2.79633697010798,3.30833002924514,2.16367288741025,5.29723794359126,4.24858952378463,6.43824647530869,5.32802464756153
"TCGA-95-A4VP-01A-21R-A262-07","LUAD",3.38185632621695,3.9075012247946,10.6080355337084,2.23604714520214,3.15526860973203,0.0119632140642052,5.23850028049333,3.0888370310684,6.44522680084108,4.9241880374676
"TCGA-55-A490-01A-11R-A466-07","LUAD",1.63911358329495,1.73414715537116,8.76768078664944,0.548917926322971,1.83555287913972,-0.570886718348711,5.20547121012724,3.21850013599299,4.28902782892317,4.23766639168113
"TCGA-69-7980-01A-11R-2187-07","LUAD",3.26795310836208,3.68315578503627,11.2644842776858,2.68923682259322,4.03380052429489,0.73146611032317,7.54577376391361,6.3063462326535,6.17081052142975,6.67431017266562
"TCGA-69-7765-01A-11R-2170-07","LUAD",2.47695236651556,3.20124468158181,10.5530777036725,1.1996477428458,3.37400753622427,0.567164727048901,5.68904435849631,3.96711163007471,4.93988031004205,4.86534543287102
"TCGA-95-7944-01A-11R-2187-07","LUAD",5.14946555741438,6.49661710750871,11.6282402193353,4.81395364747811,4.8058932577818,3.17971016183224,8.77309941131585,6.2359094090536,8.02718178762108,7.67873020266351
"TCGA-44-2668-01A-01R-A278-07","LUAD",3.48935497815346,4.82017568678709,11.2490369518602,2.80811859475194,5.1247363248425,1.19438749333401,6.41917801652422,6.57334539066396,6.93608621084452,6.64286987267757
"TCGA-05-4390-01A-02R-1755-07","LUAD",2.21939685360655,2.18003540019272,9.48564153078568,0.450219380338987,2.74409904301171,-2.02796053410113,4.69829236820339,3.48335120053852,3.20907039540962,3.79690465471717
"TCGA-86-8073-01A-11R-2241-07","LUAD",1.89421482546059,1.60924618173209,9.73748056400103,0.104352756039796,2.00131609917285,-0.22297011887295,4.23412702457939,3.828042946251,4.3377303217476,4.133300097526
"TCGA-97-A4M7-01A-11R-A24X-07","LUAD",2.58989464318472,2.84941363477063,11.2283737634054,2.10046964734192,3.75801343139954,0.00520130363935992,6.38153280513171,4.39082750742738,5.00048990618482,5.2576167395813
"TCGA-38-4628-01A-01R-1206-07","LUAD",2.78122643440277,0.116829634393732,10.6403792799141,-1.01480563114594,2.14920375421965,-2.72885926247434,0.854825243013607,2.78473292252147,2.32158745821917,1.98704854125141
"TCGA-86-7713-01A-11R-2066-07","LUAD",0.898436122919286,1.6583974288305,7.99617246020215,-0.360958384987191,2.06972464131612,-1.37861510010435,4.43806021774219,4.01659407562444,3.19064063138269,3.88176497491644
"TCGA-49-AARE-01A-11R-A41B-07","LUAD",2.3653284204283,2.93644342777681,9.5052773802883,1.82963741554306,2.01011884822379,-0.337588511700522,6.71804039792498,4.77486452188393,6.04527550248783,5.84606014076558
"TCGA-53-7626-01A-12R-2066-07","LUAD",3.85182078539765,3.91304783372401,10.5666857745344,2.4556854841821,3.41820245818841,0.83558562876845,6.86115070035854,5.01248209481392,6.3461256831997,6.07325282612405
"TCGA-50-8457-01A-11R-2326-07","LUAD",3.52946246951711,2.97261204676587,10.3853688452819,2.17854975548864,2.53121979950558,0.631929320955609,6.42647039170761,4.24661968942906,6.52825788348751,5.73378265487473
"TCGA-MN-A4N4-01A-12R-A24X-07","LUAD",2.32057941543928,2.70998932294211,10.9872224755134,0.663452370118679,2.53093234077434,-1.14335236512787,3.56890258309003,2.68651870022881,4.94335148704414,3.73292425678766
"TCGA-91-6840-01A-11R-1949-07","LUAD",3.41227689607468,3.56951333511747,10.6787602268955,1.94699372615934,2.28343461655903,0.761604673645797,6.86414293723729,5.29888116162238,6.1948792094043,6.11930110275466
"TCGA-44-2662-01A-01R-A278-07","LUAD",0.993538873515854,2.76956415013693,9.09398178910017,1.10516221670559,5.6054525612859,-1.61772116458092,4.04382646817215,5.20387354652376,3.5284342703384,4.25871142834477
"TCGA-78-7536-01A-11R-2066-07","LUAD",2.39979600130756,3.11840768564455,9.51238492350664,2.00857912758713,2.41029582726626,0.0384444995711206,8.1280501134548,6.27003678216102,5.27105887996931,6.55638192519504
"TCGA-55-7728-01A-11R-2187-07","LUAD",2.73521123829478,3.11781449555074,10.9801789427376,2.24562093525739,3.80272905501464,1.02081265300217,5.64890405818427,4.08744701540045,6.3146271340081,5.35032606919761
"TCGA-50-5932-01A-11R-1755-07","LUAD",0.598975010532296,1.67198861203172,10.5909973292747,-0.92092771428933,2.03231939859222,-1.60372611994287,3.28616213452877,2.15923487749864,3.40242705685114,2.94927468962618
"TCGA-55-1596-01A-01R-0946-07","LUAD",2.26361685181579,2.90218291542918,11.8419182900752,0.800125108374957,2.30529575586477,-0.529084300122671,4.99995798640525,4.90219674745492,4.39081877942041,4.76432450442686
"TCGA-44-6147-01A-11R-1755-07","LUAD",2.50009751510256,2.3477744671427,10.3886953313204,1.99603899220848,1.66844778801439,-1.34158715253248,5.97385670876089,3.51178104009074,4.5722624002437,4.68596671636511
"TCGA-44-6147-01B-06R-A277-07","LUAD",2.81123236149854,1.60492908706259,8.11636794368163,0.147591183060491,3.83670433554202,-0.746922045150225,6.72026171222123,4.34050881495879,3.33127592579047,4.79734881765683
"TCGA-44-6147-01A-11R-A278-07","LUAD",1.94439649517243,2.10494385856251,9.68485044206588,1.67711866340368,2.02399006078707,-1.00335020725741,4.57190921626827,3.57994637477768,3.58820123591801,3.91335227565466
"TCGA-50-6597-01A-11R-1858-07","LUAD",2.92616416319882,3.07080531291826,11.7480874987111,3.91941839802516,2.92335802403266,0.596800258407495,7.13244107976833,4.97517141676513,6.89885425591604,6.33548891748317
"TCGA-44-7661-01A-11R-2066-07","LUAD",2.47885224666464,3.7583559320024,10.8854012174804,1.91559892923229,6.83013592677907,0.312969922323923,6.4912916112191,6.09364083999451,4.62491188855712,5.73661477992358
"TCGA-05-4384-01A-01R-1755-07","LUAD",1.3463527532896,2.09953447408042,9.33596516939959,0.353389831939175,2.26941822223956,-0.827975408381519,3.48825448024669,2.84474153848253,4.09598478418372,3.47632693430431
"TCGA-44-2659-01A-01R-0946-07","LUAD",4.02964600786859,3.05948057498899,11.397229118913,2.01706155656041,3.06003944268848,1.95984382847117,6.63925470876323,5.27217537935075,6.34764778598083,6.08635929136494
"TCGA-55-8511-01A-11R-2403-07","LUAD",3.24078880902338,3.74751838279079,10.8254782056495,2.41031476588628,5.6874331571577,0.251303334735658,7.17091311465901,5.23326916510488,5.83463402119683,6.07960543365357
"TCGA-44-6776-01A-11R-1858-07","LUAD",1.62216081696147,1.67414686114409,9.80865404714118,-0.0570681993327714,1.86676963675223,-2.4069861244067,3.30235900506666,1.50471722745122,4.2748601589256,3.02731213048116
"TCGA-80-5607-01A-31R-1949-07","LUAD",3.74433174505118,4.13932517884118,11.4196826510111,2.17013709137243,3.27561887819406,0.0459006354283411,6.47447176692025,4.90131555567182,5.71175394254444,5.69584708837884
"TCGA-50-5072-01A-21R-1858-07","LUAD",1.27922692337394,1.81245085248747,9.30650812672595,0.788923642132141,2.74960234094136,-1.79502527224197,4.6419701562568,2.70933994519575,4.51146242883639,3.95425751009632
"TCGA-05-4396-01A-21R-1858-07","LUAD",0.645866056178666,1.81493320892309,11.0827497367202,0.305310162508649,1.6674094619487,-0.0937144575646472,4.59626842901584,4.14525040206719,3.51407639237578,4.0851984078196
"TCGA-95-7948-01A-11R-2187-07","LUAD",1.71192700038255,1.41747976753511,10.9092301548563,-0.0816523339555014,0.614966142704658,-2.7146027364306,3.08320895684529,3.1998046262395,3.62376893431302,3.3022608391326
"TCGA-95-7562-01A-11R-2241-07","LUAD",2.41219422462068,2.75197782002583,10.9160384026059,1.91646652125538,2.96292000879686,-0.0428008254884737,8.22971988717951,6.8450597993589,5.44342646193626,6.83940204949156
"TCGA-55-8090-01A-11R-2241-07","LUAD",1.10939380274913,2.01863706489114,10.0016496322635,0.683637338568532,5.17504848414103,-0.458594764412674,4.48465057142011,3.46596741248088,3.5696769904012,3.8400983247674
"TCGA-73-7498-01A-12R-2187-07","LUAD",1.52426126879675,1.80271013336024,9.81748001152576,1.58327771827959,1.64504341024327,-0.134113148225868,4.9004648230763,2.20324332132641,4.48590157986798,3.86320324142356
"TCGA-55-7725-01A-11R-2170-07","LUAD",3.13394162075149,3.32928214135023,10.2853858153976,-1.19805492495691,4.06911666381975,1.73499023254117,7.54339069263815,5.50902935719353,7.51566837070676,6.85602947351281
"TCGA-05-5420-01A-01R-1628-07","LUAD",4.5697086734951,5.50521334384988,11.4404122402225,2.61353867575491,4.82530428009239,3.02869663851008,9.30319598144939,8.70853101862723,7.28983356645493,8.43385352217719
"TCGA-38-4629-01A-02R-1206-07","LUAD",4.07027500296246,4.59219328202866,12.0704203477175,2.99479096359699,5.37832901802167,1.5427944231993,7.94428458719909,7.13937233410714,6.73914876278395,7.27426856136339
"TCGA-67-3770-01A-01R-0946-07","LUAD",2.69865398991523,3.73424275664742,11.5445529969761,1.11496149250635,2.65060826880546,0.0507869674384154,5.81553665518905,5.56997706354821,5.58906935282337,5.65819435718688
"TCGA-73-4676-01A-01R-1755-07","LUAD",2.44948028559789,2.36890328490506,9.58903579535337,0.319662578876561,4.72823106303555,-1.939159957198,3.42817297274697,3.09008203065126,4.298444668374,3.60556655725741
"TCGA-55-7914-01A-11R-2170-07","LUAD",3.30874963861629,3.69095460609998,10.9623762799657,1.19513900662771,3.87892752345905,1.33157300063939,6.51812093840726,4.5006660687321,5.37143202555759,5.46340634423232
"TCGA-97-8172-01A-11R-2287-07","LUAD",3.15180738941042,3.03090209539337,9.71747240107098,2.54764778054632,2.45785327445338,0.951402553688738,6.36602000309969,3.3411391588832,5.8237905923536,5.1769832514455
"TCGA-55-1595-01A-01R-0946-07","LUAD",2.90343223076528,3.01794236535872,9.78355783487456,1.75822080725909,3.28575902804971,0.990005586665477,6.6518903329712,5.1599895618937,4.73494010655541,5.5156066671401
"TCGA-44-6146-01A-11R-A278-07","LUAD",0.776906668831343,1.75135339115387,9.67722043768733,-0.142285110362901,1.76942692540999,-0.767323993011491,2.46013673143072,2.18490193948522,3.16374360471447,2.60292742521013
"TCGA-73-4658-01A-01R-1755-07","LUAD",2.8513232641313,3.25333368643952,10.3492614432376,2.27405548605671,5.84766078240276,-0.376123556827846,6.18725852172804,4.99542845214291,5.33813982778623,5.50694226721906
"TCGA-38-4630-01A-01R-1206-07","LUAD",2.26830286877371,1.53467706002244,9.62753309490995,0.594781388063855,1.96694582714695,-1.66399693877301,5.82454301510847,5.42003893930042,4.44367624494565,5.22941939978485
"TCGA-05-4410-01A-21R-1858-07","LUAD",4.10449940658514,4.27979017078288,12.1281123879179,2.03823816784925,3.93178965168438,2.31191356281436,8.30241972969871,5.8545321640323,6.59591488851429,6.91762226074843
"TCGA-91-6836-01A-21R-1858-07","LUAD",2.31865269475185,3.21181513019886,10.2768038099444,0.682122610350572,4.98562754397722,0.374745331140712,4.21795899510039,3.64100430587474,4.84291075828339,4.23395801975284
"TCGA-50-5939-01A-11R-1628-07","LUAD",1.03162441731972,2.88933395791664,11.1008858404453,1.96144835445227,4.12794455998518,-0.756756923512085,4.94636565889702,4.05815163626646,4.55274102358673,4.51908610625007
"TCGA-64-1677-01A-01R-0946-07","LUAD",3.1445155666566,4.33319139893757,11.9256936099025,1.87070562809861,4.09128698621379,0.22055985843764,7.0725936441544,6.94166562537314,6.05936056438054,6.69120661130269
"TCGA-78-7633-01A-11R-2066-07","LUAD",-0.0730463792566137,1.6486821193241,10.5068907629994,-1.1395187250213,1.53534117567018,-1.34815334209502,2.39693566963487,1.58026340339622,2.9005336930796,2.29257758870356
"TCGA-38-6178-01A-11R-1755-07","LUAD",0.852422418993514,2.03196244198429,10.7679142912668,2.1877373570092,2.0675798973787,-2.16221958485081,4.31613606325211,2.74501056186121,3.5293390701064,3.53016189840658
"TCGA-55-7573-01A-11R-2039-07","LUAD",2.34756802732281,2.09765229414891,10.5976059920935,0.914075748200254,2.65833282129422,0.914075748200254,6.47037056563515,4.03392417510491,5.37485938588456,5.29305137554154
"TCGA-05-4434-01A-01R-1206-07","LUAD",3.0098153674446,3.89635110190232,11.1701558576575,2.42342828447175,4.99780116078047,1.20988010279146,7.52639832521706,6.47208178367736,8.87646388665335,7.62498133184926
"TCGA-J2-8194-01A-11R-2241-07","LUAD",0.691745139927395,2.11680767876456,9.23226881354639,0.956910676292387,2.54451707034798,-1.50302369834368,4.89946689181184,2.93071815935016,3.2727428384881,3.7009759632167
"TCGA-50-5935-01A-11R-1755-07","LUAD",2.44161938687751,2.47305012052277,11.6537132841288,0.923056270946358,2.85221145296339,0.236534198113199,7.32918267093059,4.0360710190672,5.88567769962015,5.75031046320598
"TCGA-55-8621-01A-11R-2403-07","LUAD",2.67577419510153,4.30409444042186,10.9353432950302,2.14161989182251,4.77060658167383,1.64296443830403,6.59429446609233,5.38646685263651,6.02327931409603,6.00134687760829
"TCGA-44-3917-01B-02R-A277-07","LUAD",2.37315009085457,2.70237199229653,7.00514450695814,0.273538729203312,3.83350922029974,1.53166360248986,7.29134468205425,5.27051857165004,3.33159515061788,5.29781946810739
"TCGA-50-5051-01A-21R-1858-07","LUAD",1.74614764898122,1.33297518022034,9.74387501366277,0.898876206522227,2.13224667926521,-1.42324507061072,0.140344045200219,-0.892656049986942,4.14380646319967,1.13049815280432
"TCGA-62-A471-01A-12R-A24H-07","LUAD",2.21890031667507,3.94144320407127,10.4834075602578,1.31695301908043,2.3807976815873,0.798596129525586,3.12925956692132,2.62159318141031,5.51929044299633,3.75671439710932
"TCGA-67-3773-01A-01R-0946-07","LUAD",3.49530844854396,3.75921325591232,11.7257366237706,1.82038872517956,4.10725020559872,0.921662685765555,7.42316302265947,6.75064987660963,5.94630548477863,6.70670612801591
"TCGA-NJ-A7XG-01A-12R-A39D-07","LUAD",-0.10815994521887,0.834216445866984,9.33245830657058,-0.904709900181004,1.74287225552194,-1.35691262263348,2.03797548763807,1.1490998789552,2.84115587219021,2.00941041292783
"TCGA-78-7540-01A-11R-2066-07","LUAD",1.1681605764715,2.26956410534712,10.8944316637348,-1.103547450961,2.77834386511828,-1.04979354590023,2.92649977107604,1.72669046288062,4.33367538716071,2.99562187370579
"TCGA-55-6986-01A-11R-1949-07","LUAD",1.72255594126537,1.82961704149882,9.72214047787869,0.748378049715125,3.070597677671,-0.303151606105321,4.09271534955771,2.22941717387475,4.51604372680738,3.61272541674661
"TCGA-55-7576-01A-11R-2066-07","LUAD",2.86474602253405,2.70968607663968,10.085953165702,1.62072251511815,3.25629742960853,-0.0629965121962223,5.59422754579269,4.08136194253397,5.11482119662978,4.93013689498548
"TCGA-97-8177-01A-11R-2287-07","LUAD",2.70921483204836,3.76180493939059,11.2274392451989,1.5536924153568,2.55430123014735,-0.0554584412380467,3.7708749405991,3.70124477783947,5.29769387834033,4.25660453225963
"TCGA-55-8615-01A-11R-2403-07","LUAD",-0.572678111508833,1.26662228529732,8.8004894522815,-0.512823125735815,0.69061254330597,-2.80760399885796,1.99017772529604,1.13576482554768,2.46469146797969,1.86354467294114
"TCGA-86-7954-01A-11R-2187-07","LUAD",3.36111777327619,3.27068250845329,11.8354525109346,2.17266444619766,4.01259579775885,1.29751128167541,8.86473705306114,8.00939786945338,5.86355539264882,7.57923010505445
"TCGA-50-6592-01A-11R-1755-07","LUAD",4.02516811711483,5.57358798672635,11.0123533860994,2.61606013210548,3.63411639093631,1.82626724099852,7.82973230028107,6.10979209932383,7.10546767442123,7.01499735800871
"TCGA-86-8674-01A-21R-2403-07","LUAD",0.698040251047254,1.37958907013026,9.8222946338355,0.759340959944025,1.97985988831627,-1.42800952967023,4.14287914794441,2.8149731467927,3.7952086262392,3.58435364032543
"TCGA-55-8619-01A-11R-2403-07","LUAD",3.68824183059933,3.90322359469549,11.1390059784257,3.19727862672626,3.40312986921668,1.41995863430066,5.19036979781441,3.6985743366762,6.17481573540051,5.02125328996371
"TCGA-49-4505-01A-01R-1206-07","LUAD",3.90252467817459,4.18879822097151,12.286433864454,2.67625710310581,4.31444276028973,0.54286762516405,7.39538192460753,6.40672866389624,6.07791271270045,6.62667443373474
"TCGA-38-4631-01A-01R-1755-07","LUAD",2.82783064536573,3.4285334336303,10.4791482203986,0.803116467572675,1.62448642156817,-0.374369315802688,5.73923894074346,5.40962796533585,4.86204704989976,5.33697131865969
"TCGA-62-A46P-01A-11R-A24H-07","LUAD",1.55040598727981,2.2688515555161,10.5639893831299,-0.172805248481524,1.42702285963685,0.0989218941129374,2.06919973865224,1.86590611048016,4.28763441747385,2.74091342220208
"TCGA-67-3771-01A-01R-0946-07","LUAD",3.04535342827628,3.88355880723416,9.98078068169912,1.98859684087259,2.98105655616312,0.0819860335198161,8.13000021833714,5.98024896000919,6.01973431847452,6.70999449894028
"TCGA-38-4625-01A-01R-1206-07","LUAD",2.95990804047497,3.64152457831712,11.6063958594031,1.23995245604838,7.08309068130296,0.821463778695273,6.08477069708711,6.79496334986388,5.6271858476219,6.16897329819097
"TCGA-97-8179-01A-11R-2287-07","LUAD",1.4831269186157,1.23533026261706,10.4160107187359,0.00184703081506631,2.60951980601813,-0.44488975287942,4.4799260915419,3.25035606151709,3.69650104498146,3.80892773268015
"TCGA-55-7726-01A-11R-2170-07","LUAD",0.753832521718188,1.70798846304393,9.84722311676918,-0.51009511932016,2.83470630324798,0.135740963985509,5.27337510594013,4.76204201931102,3.90028056572167,4.64523256365761
"TCGA-78-8640-01A-11R-2403-07","LUAD",2.34855507919559,3.43903509432893,10.2972003191892,2.14039877485203,2.51299072020083,0.452278460018416,5.77829942510665,3.92760547227759,5.22335748539814,4.97642079426079
"TCGA-75-5146-01A-01R-1628-07","LUAD",2.928913761678,2.4806802529144,10.3015162988141,1.26412114256047,1.76293337351929,0.268418916438458,4.82263639362855,4.03804754018507,5.16423883651203,4.67497425677522
"TCGA-97-7546-01A-11R-2039-07","LUAD",3.1236918989235,2.62292660212529,10.0821492094159,1.54913485682806,4.37713912218295,1.01966909393137,5.63680062207859,3.18818254275358,5.42075698423762,4.74858004968993
"TCGA-L4-A4E6-01A-11R-A24H-07","LUAD",2.14875127774879,3.24986326969863,10.9962440125334,1.42460005734554,3.83503854348887,1.24951872758999,5.50903635015899,3.95843009351517,5.50604282278331,4.99116975548582
"TCGA-78-7149-01A-11R-2039-07","LUAD",1.29304844962505,2.14874638891671,10.0569875861176,-0.433012571680016,0.339385320365037,-0.293990997076808,4.16586684867911,2.57550034880703,4.27598237260488,3.67244985669701
"TCGA-73-A9RS-01A-11R-A41B-07","LUAD",2.35941558233717,2.78059600497909,10.0960094187358,1.0713251181825,3.85849020071138,0.00809157512435163,5.88030422448379,3.32058250877459,4.9636668657433,4.72151786633389
"TCGA-L9-A5IP-01A-21R-A39D-07","LUAD",2.53633253835402,3.97119891416587,9.51746200407122,1.14155890323773,3.77780535734765,0.408608969822651,4.60696243687517,3.39540882541498,5.37931001900477,4.46056042709831
"TCGA-91-6835-01A-11R-1858-07","LUAD",4.82781774560881,4.06557701340412,10.5281285393175,2.96200625848478,4.24316396241174,2.05045798034106,8.137792611365,5.63587912484543,6.7517609276261,6.84181088794551
"TCGA-86-8585-01A-11R-2403-07","LUAD",3.59669764115609,4.35688311945837,10.3915239390213,2.99239013995709,3.80045796339174,0.773667966192928,8.01162976427464,5.04092706945473,7.10714385394715,6.7199002292255
"TCGA-97-A4M2-01A-12R-A24X-07","LUAD",3.27187742000129,3.42773215257204,10.5023835993784,1.99399687129509,4.02232129049576,1.16450926028356,5.15574354793905,3.80297965757275,6.12527671609273,5.02799997386818
"TCGA-L4-A4E5-01A-11R-A24X-07","LUAD",1.84905342689577,2.78789172124314,9.76364619292409,1.56507245321583,4.1396378453012,0.102232003180629,5.24072383759931,3.9525713352777,4.44059310451866,4.54462942579856
"TCGA-05-4422-01A-01R-1206-07","LUAD",4.5650728920319,3.5068530690136,11.619954499549,3.04536977320596,2.89845885966612,1.93223758027961,6.65271901810156,6.04199395377992,6.18856525776869,6.29442607655005
"TCGA-MP-A4T7-01A-11R-A24X-07","LUAD",1.74536921235098,2.67298819861688,9.82376338860388,1.01867996078367,2.5303523165168,-0.563890515837412,5.04903394831361,3.1718747337951,4.73853842433605,4.31981570214825
"TCGA-86-8056-01A-11R-2241-07","LUAD",1.82885934232744,2.11262202348471,9.42001616979971,0.876625951266801,2.95556761087797,-0.347187983053643,4.44366794423209,3.88532646057673,3.870951964566,4.06664878979161
"TCGA-55-6642-01A-11R-1858-07","LUAD",3.54733752689469,4.83283902851772,10.0820479199112,1.2724421746032,3.07564597214055,2.29767825940723,6.19693317333131,4.28151561695971,6.40742040318405,5.62862306449169
"TCGA-49-AAR9-01A-21R-A41B-07","LUAD",1.92679233378626,2.41630804210673,10.2079981006893,0.882139341969024,2.00542038217771,-0.10485256183151,8.22224036367436,4.17462137297547,5.33258265290563,5.90981479651848
"TCGA-49-4507-01A-01R-1206-07","LUAD",5.17502641078138,6.29334500935164,11.1036988179938,4.25108004688453,2.68834454256317,2.82464471785833,7.96490018986112,5.77861146331818,9.24407788338601,7.66252984552177
"TCGA-49-AARO-01A-12R-A41B-07","LUAD",2.86673464142988,3.37520445321176,10.875192859067,2.27155023948009,4.34325664929004,0.394816110634895,5.70020089881456,4.3599208537941,5.38476159926652,5.14829445062506
"TCGA-78-7143-01A-11R-2039-07","LUAD",1.4361448034307,0.970606738071583,10.3927611087441,1.03324132596226,3.27084082087278,-0.733609273790534,3.04632731213358,3.10505816258411,3.98132938948647,3.37757162140139
"TCGA-78-7159-01A-11R-2039-07","LUAD",3.15150823870849,3.44962215546587,9.53268702094668,0.752593587485758,2.26727113021911,0.453794530269325,4.40470012818763,3.93169420992895,4.64951601763936,4.32863678525198
"TCGA-75-7031-01A-11R-1949-07","LUAD",3.44209817679599,4.33383727217018,11.2579998436016,2.72145965578636,2.86170851996092,0.80505829291911,7.03278708677138,5.31196211886722,5.50543807195466,5.95006242586442
"TCGA-55-8620-01A-11R-2403-07","LUAD",3.04071890368626,3.61460216375712,10.3131605179746,2.0323849968679,2.87690545644839,1.08225898390826,7.46978869996857,4.65735335960904,5.44747438015601,5.8582054799112
"TCGA-75-6207-01A-11R-1755-07","LUAD",1.70138742566853,1.32659913923759,9.68721202720626,-0.668209573275769,6.09053889870697,-1.98265806925539,2.0224371667265,2.58280834682113,3.12025979923016,2.5751684375926
"TCGA-NJ-A4YF-01A-12R-A262-07","LUAD",1.05495193746012,2.06429146581902,8.65503892987567,1.15509738125803,0.943685372341249,-1.6685141795628,4.5305573960263,2.70874332147167,4.244357978106,3.82788623186799
"TCGA-91-6830-01A-11R-1949-07","LUAD",3.17569353359188,3.66770751825673,10.3397812901571,1.27937526907161,3.48508760582341,1.52543596659523,6.09855807787061,5.28027516522685,5.70000816445989,5.69294713585245
"TCGA-62-8395-01A-11R-2326-07","LUAD",1.58223698207703,1.87601845890998,8.93486044667817,0.651297701970202,0.895216863757712,0.0181027777027971,4.24882237052968,2.57826544752662,4.23938269702879,3.68882350502837
"TCGA-44-7671-01A-11R-2066-07","LUAD",0.720034265312446,0.933108812763552,8.85518694782001,-0.743476909279705,1.41006127372561,-2.28713717598979,2.0285670770299,1.18993126057046,3.35903661770661,2.19251165176899
"TCGA-78-8660-01A-11R-2403-07","LUAD",3.58403215313191,5.08445689081457,10.3901782568833,3.63360506180152,4.30910470487985,1.95077662507238,7.72032849727488,5.24976785744087,6.55201945831275,6.50737193767617
"TCGA-50-8460-01A-11R-2326-07","LUAD",2.76314623976984,3.92826909576818,11.1067592289929,2.43369074204155,2.91168091583975,0.212040714041606,5.05617847327651,2.38824340620181,5.65180461360828,4.36540883102887
"TCGA-78-7537-01A-11R-2066-07","LUAD",2.49479437878908,2.01558911394292,10.0554581268559,0.897425799709959,1.40891300103857,-0.204674169111819,2.7228288316813,1.54019468696126,4.66227613486074,2.9750998845011
"TCGA-55-7994-01A-11R-2187-07","LUAD",4.37547859118438,5.12909812387118,11.6176810265856,3.06219561360205,6.54893573811858,2.85846556534418,9.33370990191306,6.44120017245029,6.71946982002634,7.49812663146323
"TCGA-75-7025-01A-12R-1949-07","LUAD",2.64608388639549,3.49429944848597,10.705461941909,0.717182030815784,2.54509494684519,0.246206285944573,3.03265091479769,2.13463825081948,5.22999557560307,3.46576158040674
"TCGA-MP-A4T6-01A-32R-A262-07","LUAD",2.08197545426235,2.59793014343317,10.7626912384341,1.70860504264231,2.4681447749038,0.0470933290353514,5.16151747994942,2.84624513257646,5.41629435343614,4.47468565532067
"TCGA-55-8094-01A-11R-2241-07","LUAD",0.233163655996214,1.01410849410965,10.2161590673585,1.92826316504763,1.25360990127675,-1.11220037801129,1.15472448003821,3.29011896192328,3.77380125035169,2.73954823077106
"TCGA-55-7281-01A-11R-2039-07","LUAD",2.71461511950602,3.40276365875534,10.9857267816128,1.49862187381239,2.59851416426087,-0.0977816354027158,6.94558516042299,5.71850180884547,5.78667635188298,6.15025444038381
"TCGA-44-3918-01A-01R-A278-07","LUAD",3.93611159707398,4.98401805999559,9.88908482008511,0.326740779218652,6.77400435260583,3.0850966416912,8.69977327143337,8.20401851875172,6.26105976366755,7.72161718461754
"TCGA-95-8494-01A-11R-2326-07","LUAD",0.402718643150965,2.01962545898718,10.6867628956817,1.09097829667991,4.54245106589098,-1.24756526002236,0.932548002219227,3.02563551369619,3.15940955187135,2.37253102259559
"TCGA-05-4397-01A-01R-1206-07","LUAD",1.66484971748933,2.78066896914631,11.6935768612291,0.610918118965471,2.30087201157737,-0.847596970549204,5.96434784936633,6.81121027191102,6.55930073272784,6.44495295133506
"TCGA-44-A47A-01A-21R-A24H-07","LUAD",1.86775951725961,2.87743609006157,10.856722184597,2.1675002343793,3.51954164050288,-1.25900052366707,5.79707064135938,3.71223254765918,4.07839032313858,4.52923117071905
"TCGA-55-8204-01A-11R-2241-07","LUAD",2.4098375041942,3.71418349001456,10.0518491918449,0.933979064440231,3.84575860352835,-0.25179236793197,6.47188843883093,5.9775596689964,4.86539975654576,5.77161595479103
"TCGA-50-5933-01A-11R-1755-07","LUAD",2.16556703870855,2.65103920451305,11.006412519161,4.48839284910415,6.19111206802804,-1.0040044418404,7.53081534959099,6.82676969656847,5.37931779628585,6.57896761414844
"TCGA-NJ-A55R-01A-11R-A262-07","LUAD",0.260557649415146,1.13409072852095,10.8390761984368,0.983771068449067,1.96509706776661,-1.61653433464165,2.36128454274206,0.550989671718402,3.48462970505402,2.13230130650483
"TCGA-53-A4EZ-01A-12R-A24X-07","LUAD",1.96951341649253,2.09035203192178,11.3528421797084,1.64731702184245,2.66630029295448,-0.481063434145395,4.72078630782221,3.44805879108311,4.24227444465173,4.13703984785235
"TCGA-NJ-A4YG-01A-22R-A262-07","LUAD",1.85620129184608,2.41292412337036,10.6738893411467,0.616134249597242,3.31582635058672,-0.369619969789453,4.29370659545217,3.87711654393469,4.4624375261045,4.21108688849712
"TCGA-55-8302-01A-11R-2326-07","LUAD",2.44630760920784,3.16694355697423,10.9770822235337,1.87119827677638,6.41029744372691,1.08353278905449,6.10949280352933,5.2067027990515,5.45384744349251,5.59001434869111
"TCGA-64-1679-01A-21R-2066-07","LUAD",0.101667351159227,0.651211003745289,10.7165671793221,-0.329286696352468,3.4516072975406,-2.58092285902065,4.60613523036541,4.86115141903278,3.66847156357563,4.37858607099127
"TCGA-64-5778-01A-01R-1628-07","LUAD",5.32985009281822,5.1901973469443,12.3319158258239,3.70368653369917,4.87436390399677,1.40528707651689,8.91108740501797,6.96182157761679,7.66775032328526,7.84688643530667
"TCGA-NJ-A55O-01A-11R-A262-07","LUAD",1.47296806120191,1.99965221731333,10.2550721106636,0.615590745098942,4.078341450748,-0.34596774336886,5.28892268597812,3.8200981868282,4.55428294745151,4.55443460675261
"TCGA-55-6968-01A-11R-1949-07","LUAD",3.23406251969014,4.43654047087911,10.3588245378134,2.48054803288966,4.2802431870954,1.69482085642686,8.79066150876512,5.99491417083898,5.76411803803016,6.84989790587809
"TCGA-62-8397-01A-11R-2326-07","LUAD",1.01495746934379,2.5400575384591,11.9051873396829,0.31683042390246,2.46874260472456,-1.25948729589715,0.226912288883943,0.131015157360185,3.46334093764479,1.27375612796297
"TCGA-78-7161-01A-11R-2039-07","LUAD",0.988339644577886,1.91529135145965,10.2165587596869,-0.676929387829895,1.06604751527381,-1.09657667539848,2.66816208874571,2.2892427865118,4.21776808693508,3.05839098739753
"TCGA-99-8033-01A-11R-2241-07","LUAD",3.67826855799524,5.67214230121368,11.4203383558489,3.24078242744533,4.3365367818142,2.63533544841315,6.31915963022322,5.82865278779622,6.68341713785653,6.27707651862532
"TCGA-35-4122-01A-01R-1107-07","LUAD",4.65976852944616,5.51941458981279,11.6459880782546,2.4203893608234,5.10002886993247,2.18321107281071,6.90154783472242,8.45557997515502,7.22123775353623,7.52612185447122
"TCGA-MP-A5C7-01A-11R-A262-07","LUAD",-0.899363394692287,2.50433367919662,9.61963102594135,-1.59307327327898,0.958341251514056,-1.22377402581651,4.32839147559476,2.4940728339344,3.96881654029374,3.59709361660763
"TCGA-99-7458-01A-11R-2039-07","LUAD",3.96029423813502,3.52643786404601,11.1220163792181,1.90373200485438,5.27092568990693,2.26149589849377,7.39364538074923,5.10549071446327,6.46975835001047,6.32296481507432
"TCGA-55-A491-01A-11R-A24H-07","LUAD",3.17116785094866,3.05382530114238,10.6005483663602,3.24253534630716,4.07338532423561,0.353902751132851,6.52507813858276,5.79998962669993,5.20431549667223,5.84312775398497
"TCGA-55-5899-01A-11R-1628-07","LUAD",2.84423454630192,3.84171863953068,11.3866139613149,1.84341783295133,3.13889312801178,3.76814412995582,8.20658500287912,5.80484948570966,5.41695237931282,6.4761289559672
"TCGA-97-8552-01A-11R-2403-07","LUAD",1.68947307275376,2.01742347798115,10.0815486294422,1.24382362289745,2.74564893400747,-0.335038864499573,4.14658282100532,2.72992212479959,4.39947711476508,3.75866068685667
"TCGA-50-8459-01A-11R-2326-07","LUAD",2.53529254414963,2.70603458980623,10.7842746561603,2.7222106993162,2.37379224234537,-1.03364581254924,4.5230898750369,3.11857497023869,5.36367977387386,4.33511487304981
"TCGA-69-7979-01A-11R-2187-07","LUAD",0.881222135879929,2.23127835367961,9.31856166638274,0.941986948905392,2.98228107317693,-1.28055204551552,6.13557443448443,4.25409854411983,3.62424869387678,4.67130722416035
"TCGA-78-7150-01A-21R-2039-07","LUAD",1.82554213004915,2.73157954289938,9.9522731906226,0.930189232944538,1.82968018737422,-0.268722675167514,4.09639066751138,4.09235363662857,4.6447918923742,4.27784539883805
"TCGA-44-7660-01A-11R-2066-07","LUAD",2.68115564161019,2.68213370446818,9.56429927960896,1.7453337377873,3.47807987530107,-0.739189692552224,5.83324455738282,4.87213023006639,4.35401079923476,5.01979519556132
"TCGA-05-4417-01A-22R-1858-07","LUAD",3.48359021766748,4.33898829833871,10.523553443552,2.59404758250633,3.44330700770341,0.75282839031838,7.12897911686369,5.92884009735514,5.92595378162142,6.32792433194675
"TCGA-55-8614-01A-11R-2403-07","LUAD",1.99596458767345,2.65601668489485,10.1412363349836,1.15028950237081,2.73547463961743,-0.737229950465346,5.78353661613215,4.90984843404545,4.10565451466772,4.93301318828177
"TCGA-86-8278-01A-11R-2287-07","LUAD",1.42468637462605,2.43669453588792,10.7533600289205,0.708103910026592,3.55066686969856,0.738353182336864,5.05621861959173,4.30705597609219,4.58534446876727,4.6495396881504
"TCGA-05-4433-01A-22R-1858-07","LUAD",3.24148123856989,3.34659614977584,11.9751284829048,1.27589939056915,3.05949401760797,1.05066139132802,6.69162756606667,4.90534679800991,5.68142153294175,5.75946529900611
"TCGA-55-7995-01A-11R-2187-07","LUAD",4.72345436218409,4.77570373364135,10.439699259761,4.10017746838124,4.26863207468995,2.86831653467502,9.23494906236846,6.57235822319018,6.88031484811575,7.5625407112248
"TCGA-62-A46R-01A-11R-A24H-07","LUAD",3.49144396478012,2.05398404544458,10.8494483989042,0.935283861533627,3.61315669211567,-0.588561835123998,4.73228682938575,4.21455348624584,4.51193878070132,4.48625969877764
"TCGA-75-6206-01A-11R-1755-07","LUAD",1.26979365094686,1.77054164876554,10.2464263534514,0.0949426828830996,2.04083976117918,-1.18840729058053,4.09846158667839,2.73658568243869,4.00929797702151,3.61478174871286
"TCGA-55-7907-01A-11R-2170-07","LUAD",3.38534612605639,4.07790092196303,9.84289598183233,2.31186421261063,3.27494506393794,0.997800750031878,8.43260580644923,6.10728201083708,6.09848588862811,6.87945790197147
"TCGA-75-5147-01A-01R-1628-07","LUAD",2.42383537005077,2.99913609566752,11.3104580728929,1.53545244476915,2.85772279677268,0.478760670482098,4.88243500208076,6.37163655415299,5.48799700950709,5.58068952191361
"TCGA-55-8507-01A-11R-2403-07","LUAD",1.40936912053849,2.39498212392258,9.36471037880234,0.59865508155704,2.24790311741727,-1.07093704432872,3.11061171561415,2.7191932677031,3.63557677237693,3.15512725189806
"TCGA-95-A4VK-01A-11R-A262-07","LUAD",2.82130542019312,2.76666774354705,10.0248298306992,1.93169697789131,2.40372777277908,-0.0221115221457769,5.99371785492614,3.87826756057028,5.31425712455756,5.06208084668466
"TCGA-99-AA5R-01A-11R-A39D-07","LUAD",4.03707932085686,4.40859950880087,10.8864088126513,3.06050338831994,4.39639673972258,0.109738355107452,6.32245692460386,4.10213453224692,6.73082508687923,5.71847218124334
"TCGA-44-5645-01B-04R-A277-07","LUAD",0.502479444909675,0.975102934355661,7.05278175103853,-1.6887234696392,3.67758682338137,0.159216676122272,4.21416608502745,2.81370174583224,2.19583735633483,3.07456839573151
"TCGA-86-8074-01A-11R-2241-07","LUAD",1.61115998349715,2.23908461601447,11.5477991617802,1.46062065704772,3.38541222349409,-0.0646735942866832,6.71020543987645,5.55551495055285,4.03428809773564,5.43333616272164
"TCGA-55-8092-01A-11R-2241-07","LUAD",4.46923666900248,4.77600189749057,12.4657824611025,2.61987940892974,3.36283095839799,2.21572415367719,7.83642721991651,5.83037613200401,6.63417589959651,6.76699308383901
"TCGA-49-6761-01A-31R-1949-07","LUAD",3.169904186962,5.040556116274,10.5683778328289,3.37582965222213,5.65976184201903,1.84488727405607,7.3906226715145,6.22800773240911,7.06120671804674,6.89327904065678
"TCGA-86-7953-01A-11R-2187-07","LUAD",2.26017465077825,3.14200256209003,10.201295144053,2.6267839543401,2.46390908922556,0.601993801277181,4.04164061726758,4.0428958044863,5.38830454421179,4.49094698865522
"TCGA-55-7816-01A-11R-2170-07","LUAD",3.53769581767082,3.64251357875366,10.5830421199722,2.11055097152913,3.95930118055411,1.71559647683549,8.50802467463547,6.92005259024652,5.43175114048119,6.95327613512106
"TCGA-78-7145-01A-11R-2039-07","LUAD",-0.258027537146086,0.79161260050447,9.45375538056159,0.926064893476823,3.62036295381422,-1.81697504524277,2.90749800105724,2.42628312532839,3.04569074320597,2.79315728986386
"TCGA-55-6983-01A-11R-1949-07","LUAD",3.35220784606654,3.65185348366901,10.1825179555943,2.23319061531943,2.41252996908666,0.545714111225372,5.22483342603445,2.76560519306863,6.02293993122205,4.67112618344171
"TCGA-53-7624-01A-11R-2066-07","LUAD",2.50055044698144,3.36623802152925,10.7008811741171,1.7803341713118,4.56226198319487,0.411550990368029,7.18356899106537,7.44365420023766,6.51331098615044,7.04684472581782
"TCGA-69-8255-01A-11R-2287-07","LUAD",4.90019712812166,6.27890626239544,9.88399209779871,4.37023029936136,3.4026717662317,2.97511972932199,8.33790227010904,6.24484048956958,7.49564415744196,7.35946230570686
"TCGA-50-5068-01A-01R-1628-07","LUAD",4.59612848781764,4.64345846017593,11.4174817999963,1.53043046740215,2.97096869584449,1.40115255113687,7.25284311398181,7.84533216357555,6.69514087214508,7.26443871656748
"TCGA-78-8648-01A-11R-2403-07","LUAD",4.58950646556037,5.13018616986125,11.0302132434953,3.33724515563252,3.70765015658641,1.90607315713651,6.37289242291255,3.91048341733332,7.44498936662755,5.90945506895781
"TCGA-80-5608-01A-31R-1949-07","LUAD",3.08409183614561,4.00345110760619,11.0572655519076,1.48453763133771,2.79915039736817,-0.84377969285647,4.56231626779196,4.49221615010787,5.49487817171765,4.84980352987249
"TCGA-78-7163-01A-12R-2066-07","LUAD",2.43243864475436,2.11520076662774,10.6679042986986,-0.0199951708897195,3.80078523760711,0.205362752590311,2.69379609280236,1.63146690941934,5.4836957724402,3.2696529248873
"TCGA-55-8085-01A-11R-2241-07","LUAD",3.64116485123847,3.96061374006082,11.5514250878628,2.68482603307775,2.84647369272471,1.71767951162136,8.04224931270756,6.18892325552156,6.52807277392756,6.91974844738556
"TCGA-L9-A444-01A-21R-A24H-07","LUAD",5.24284468134951,5.76208751870436,11.6367661905423,4.31105032398924,5.57019560563613,3.05899910568433,9.57257491143734,6.77922441502687,7.9928674016668,8.114888909377
"TCGA-44-6778-01A-11R-1858-07","LUAD",4.01358167322781,4.81367520225532,10.6806643858438,2.90625357984804,5.07389929497058,2.43401948630852,8.69433331055725,6.17577460110424,6.85216554330242,7.24075781832131
"TCGA-91-8497-01A-11R-2403-07","LUAD",2.05297878956196,2.52599559826095,10.9025946311287,2.33267577335885,2.97386233348349,0.494670030553692,3.9441324576566,2.54074321241892,5.10079679038693,3.86189082015415
"TCGA-05-4249-01A-01R-1107-07","LUAD",1.84170879559471,2.09882718487043,9.76344937802202,1.62420221681123,3.03156525507132,-0.318847201938071,4.59722332248731,3.42992535001389,3.94629639638895,3.99114835629672
"TCGA-05-5429-01A-01R-1628-07","LUAD",1.75227279200311,1.32062154535325,10.7121848004912,-0.482469733815008,0.716349109058548,-1.76480727121982,2.78901662179865,3.13885852196562,3.19305529423543,3.0403101459999
"TCGA-44-7669-01A-21R-2066-07","LUAD",2.62264081026292,3.66004845669403,9.95566030494106,1.66870976260793,3.35609252727647,-0.628297109198571,6.66574130258567,4.9723762535354,4.77909912194547,5.47240555935551
"TCGA-86-A4P8-01A-11R-A24X-07","LUAD",3.92427863043831,4.38742743644044,10.6651523883286,2.17313218929166,3.97686333318986,0.870921634237903,5.94612000606029,4.39970573369415,6.53785716920957,5.627894302988
"TCGA-91-8496-01A-11R-2403-07","LUAD",2.60465967181811,3.9433057294125,10.5729860569212,0.178205463936944,3.74262196520161,-0.3343007939492,3.36504270131075,3.93926188076739,5.02653625225329,4.11028027811048
"TCGA-55-8514-01A-11R-2403-07","LUAD",0.305243654961538,2.16659955405137,9.9050477129899,1.05173137485926,3.13674245204581,-1.99703474908919,3.39209102739722,4.10105675815644,3.72107616120419,3.73807464891928
"TCGA-05-4424-01A-22R-1858-07","LUAD",3.0805513243803,2.82710230525646,10.0659123383328,1.20787005056738,2.68395816503504,-0.571669673545001,5.71037223629434,4.93146101623256,5.25498728025916,5.29894017759535
"TCGA-05-4425-01A-01R-1755-07","LUAD",2.27204033618817,4.09027789371295,10.7113063119204,1.49606382183046,4.08449927167244,1.03577096587373,7.80796780066398,6.47497013876985,5.88766340273187,6.7235337807219
"TCGA-49-6767-01A-11R-1858-07","LUAD",3.6907615845235,4.63006805475525,11.32460772479,1.82166209761158,5.18044743536081,1.74459741103846,8.4274151876769,7.13868674379895,7.28107777480683,7.61572656876089
"TCGA-44-3919-01A-02R-1107-07","LUAD",3.69639107077745,3.22048964186809,11.3944164936926,2.23858688685478,4.43210155249538,1.43242749449183,7.5025793083067,6.18292306569372,5.67885697300424,6.45478644900155
"TCGA-MP-A4SV-01A-11R-A24X-07","LUAD",3.57031944718283,4.19009301489075,10.178761253777,3.26824220058599,4.24511900863539,1.46578558713213,7.24353995019637,5.75905731470764,6.01538181879205,6.33932636123202
"TCGA-93-A4JQ-01A-11R-A24X-07","LUAD",2.64240349541389,3.7600604575316,10.2916540073425,3.26570313240379,4.48350007009722,1.04742678392694,6.94720224221577,5.54108922911876,6.24030158204014,6.24286435112489
"TCGA-50-5942-01A-21R-1755-07","LUAD",2.4638783500108,1.48190400496583,9.21495101608703,0.377261491648545,2.30114099739095,-0.0650386913168657,4.66301757036372,2.66194810825827,5.07502159351375,4.13332909071191
"TCGA-62-A46U-01A-11R-A24H-07","LUAD",3.19981312224331,4.41748062562893,11.497932016504,2.65481216169533,6.00378508030247,2.81988428230956,9.50032753625518,7.04561724718381,7.25987604770292,7.93527361038064
"TCGA-55-6970-01A-11R-1949-07","LUAD",2.93032768587244,3.37506254601603,10.2493031887436,2.07558424107626,3.94427303538216,0.613246885853167,7.51346604771851,5.16097298957898,5.34621477569576,6.00688460433108
"TCGA-73-7499-01A-11R-2187-07","LUAD",5.02381820340792,4.66951933636041,12.2356781222008,3.29759587389236,3.5082719253181,2.46804174338494,8.72556825519206,7.47110323618057,7.60804038106381,7.93490395747881
"TCGA-86-8359-01A-11R-2326-07","LUAD",4.95323562204278,4.79903300960149,9.65758626644696,3.76885538962503,2.43088290012078,2.43899428865633,5.14689983067827,4.09825435746155,7.44197696660808,5.56237705158263
"TCGA-99-8032-01A-11R-2241-07","LUAD",1.87380465504527,2.47078746413647,9.89194573981141,1.03834513351523,2.21238538427923,-1.58419259092817,3.25335541792857,2.46226658560576,4.42825188056773,3.38129129470069
"TCGA-55-7903-01A-11R-2170-07","LUAD",2.87862214799025,4.29138664275542,10.5305896996555,1.73417672929208,5.15990693873823,2.32501949775092,6.40577601722506,5.1763855047667,6.04030945567933,5.87415699255703
"TCGA-MP-A4TJ-01A-51R-A262-07","LUAD",4.34667115313024,5.64795475403059,10.97416847726,3.45791045258919,5.19802456546079,1.63312224754531,7.90667325977341,5.95934589028301,6.90284773379182,6.92295562794941
"TCGA-86-A456-01A-11R-A24H-07","LUAD",1.9590637448714,2.71613531779987,11.1933901301083,1.55838237439374,4.68632366048456,-0.0355495853961931,5.50195914608965,4.7363817778546,5.26862436590508,5.16898842994978
"TCGA-44-A47B-01A-11R-A24H-07","LUAD",3.29984903213565,3.95341934050247,9.57881858565182,2.30812360616333,2.08873455280461,0.150402689300623,6.06581538624827,5.23042476013053,5.99693021886814,5.76439012174898
"TCGA-50-5049-01A-01R-1628-07","LUAD",5.61588472199395,5.07699097955782,11.3764260275936,3.72790875716748,4.10846460661557,2.23221908761209,9.86874824037234,7.98585805431264,7.80519740822365,8.55326790096955
"TCGA-93-A4JN-01A-11R-A24X-07","LUAD",0.91684798061639,2.66300867063491,11.1161243446888,2.60136699525558,2.94529169485578,-0.784249132999636,4.03790472820545,2.66769109199558,3.89448357951135,3.53335979990413
"TCGA-55-8206-01A-11R-2241-07","LUAD",0.931523163785811,1.99264802145935,9.51915074730369,0.551405553465377,2.93935548613579,-0.535611492514989,3.21301135204569,2.14258101714554,3.69319807098903,3.01626348006009
"TCGA-78-8655-01A-11R-2403-07","LUAD",3.34447374325842,3.07060055520559,10.6982628792948,1.81411358412551,3.08055683161647,1.33790535172116,6.3347952231977,4.99756443287228,5.61446817926666,5.64894261177888
"TCGA-55-8301-01A-11R-2287-07","LUAD",4.09972861111496,5.57262541879031,11.8854957200697,3.3363493330399,5.54835957998857,2.59888896735493,8.94819941304603,7.50955820518969,7.10949667332459,7.8557514305201
"TCGA-55-8508-01A-11R-2403-07","LUAD",2.05645983089312,3.61769540419878,10.3130307496002,1.59082392585375,2.29676570870172,-0.0115252571007373,3.62302877021836,2.13704591026456,4.30796422149869,3.3560129673272
"TCGA-44-7662-01A-11R-2066-07","LUAD",2.45789556410624,4.05398169441431,10.9559224349415,1.90598928834968,4.30177418400914,0.465197489704317,6.15280422498836,6.10398975437063,5.69922934513832,5.98534110816577
"TCGA-78-7153-01A-11R-2039-07","LUAD",2.44255329863238,2.42270761327726,10.1766682616867,0.658197847890542,0.313620137598487,0.345695025239875,3.51616097975726,2.31813410878106,5.16097886109996,3.66509131654609
"TCGA-44-A4SU-01A-11R-A24X-07","LUAD",1.43331103339133,1.89060106202988,10.5091445433264,2.13501224685645,2.9314399942815,-0.233699411944057,6.00230321907274,3.78614420941304,4.2390823966576,4.67584327504779
"TCGA-50-5946-01A-11R-1755-07","LUAD",2.30232974666345,1.59137889214717,8.78227608093736,-0.0704528760921391,1.89787508244089,-0.969566742358308,4.51106803002698,3.78396471028757,3.66027218694986,3.98510164242147
"TCGA-86-8672-01A-21R-2403-07","LUAD",4.04708481992712,4.92381868801671,11.4115480920928,3.97984658006796,4.25221265395754,1.45057715742258,7.92579790070327,6.01137280221134,7.44443564354122,7.12720211548528
"TCGA-05-4403-01A-01R-1206-07","LUAD",1.87389166361386,2.85748997633022,12.1310264583505,0.207849765212322,2.98265805908127,0.207849765212322,5.89472691694327,5.12299874151495,5.38124191708907,5.46632252518243
"TCGA-91-6831-01A-11R-1858-07","LUAD",3.05176609415351,3.49260053513359,9.83366812652398,0.604954345203367,3.0945009301947,-1.36028404931912,6.63691087844337,5.57873687863359,4.8961529324066,5.70393356316119
"TCGA-44-2662-01B-02R-A277-07","LUAD",0.980633025089263,1.21646564604453,6.78045496807376,-1.66319875661523,5.53205583974487,-0.135756299544106,5.06273769484751,4.66008529427291,1.65573091000942,3.79285129970995
"TCGA-95-7947-01A-11R-2187-07","LUAD",2.53861142515795,2.802702415822,10.5595288705091,1.71887296761422,3.35139007328696,0.823753856979689,6.65117801412422,4.46693110178427,5.12493629850832,5.41434847147227
"TCGA-44-6146-01A-11R-1755-07","LUAD",1.50263069957504,1.62014885469314,10.2165208993329,-1.41905796408202,2.01162230099712,-0.550502677671519,3.72009762315814,2.2679241643338,3.76616609508678,3.25139596085958
"TCGA-44-6146-01B-04R-A277-07","LUAD",1.54089954096609,0.797519890722883,7.45039289708193,-2.37775052476819,3.09373887256906,-0.328169334819189,3.25077678087576,1.36244199344647,2.09434985674539,2.23585621035587
"TCGA-55-1592-01A-01R-0946-07","LUAD",1.45128078506577,1.65059575032332,10.3114248430077,-0.331840333664411,2.94925092906738,-0.48718829792573,4.94561429608996,4.25825968016474,3.90354760087039,4.36914052570837
"TCGA-55-1594-01A-01R-0946-07","LUAD",3.99909000527332,2.97288813144354,10.133663725871,1.4610539539715,3.22985574275915,0.462997855550749,6.61030044975421,4.90699193248277,4.48626768760472,5.33452002328057
"TCGA-95-7043-01A-11R-1949-07","LUAD",2.00916693156263,1.27527677445733,8.77783952580923,-0.444276867809315,0.385303271354865,-0.913327250045923,3.57949315719283,2.52436260436921,3.68393946529219,3.26259840895141
"TCGA-86-8076-01A-31R-2241-07","LUAD",4.57536856599966,4.22443200127802,10.7122531052311,2.78354926378905,3.1938324559252,2.23344697773373,6.26586749595421,4.31830934334725,6.84275359668232,5.80897681199459
"TCGA-05-4245-01A-01R-A96R-41","LUAD",1.00353732375779,3.19305838833374,10.0308411685445,1.2505373614089,2.04961690012834,0.111636050877792,4.74247892780021,3.95263439669909,3.50168323954144,4.06559885468025
"TCGA-55-7724-01A-11R-2170-07","LUAD",2.9993310296093,3.57277775096338,9.80676236702892,-0.753998918484165,3.64076023036937,0.569467945409672,6.46563977181538,5.15025083186886,5.63223840185217,5.7493763351788
"TCGA-55-6979-01A-11R-1949-07","LUAD",4.21403554402937,4.29460668167769,11.0089084954946,4.06893804014559,5.71410239588875,2.31602522672036,9.06045267044792,8.01997071018663,6.73408310826171,7.93816882963209
"TCGA-91-7771-01A-11R-2170-07","LUAD",3.68543725830472,3.64280402720398,10.9998897698697,2.4452459311906,3.10040120285902,0.392971084003998,6.61345653785761,5.25892586612444,5.77671355754419,5.88303198717541
"TCGA-05-4382-01A-01R-1206-07","LUAD",1.84509582427337,3.31543271757118,10.7676595775305,1.99303091930622,3.99576081747089,-0.0637333447846365,7.24313087542141,6.29119993755527,5.29461080711138,6.27631387336269
"TCGA-05-4405-01A-21R-1858-07","LUAD",2.34088820449733,1.82919621032678,9.10675949568243,0.721486133415527,3.50505836226336,-0.65120786096378,3.34943186035124,3.13151987803924,4.25724096351876,3.57939756730308
"TCGA-44-7670-01A-11R-2066-07","LUAD",3.05129984586991,2.60968029754702,10.3974072098221,2.18578484632422,2.96685656816985,-0.981934993366226,4.86395556110987,3.55620013422004,4.08182229704738,4.16732599745909
"TCGA-44-8119-01A-11R-2241-07","LUAD",2.38783477932409,4.60158211159941,9.65546356060438,1.71314263705149,3.02101575546672,-0.919422829372562,6.61194254594281,5.01341838707068,4.75963844448108,5.46166645916486
"TCGA-49-4501-01A-01R-1206-07","LUAD",2.73398126632643,3.2002645162266,11.5658438128227,1.25558921093417,3.10773914848098,-0.45955991476942,5.32323608554699,3.66118872510364,5.62600893917473,4.87014458327512
"TCGA-55-8207-01A-11R-2241-07","LUAD",2.42391498609581,2.33518942318483,9.89076954298229,0.694568388994729,3.00969437564607,-1.08475403300009,4.12007434672161,2.40113797002145,4.63757961695643,3.71959731123316
"TCGA-05-4402-01A-01R-1206-07","LUAD",1.39537483459286,2.33365560574347,10.8220111029047,0.381038898054652,2.67511637488039,-0.541189782160244,3.76049031682299,4.91454371020209,4.21852163422992,4.297851887085
"TCGA-55-8203-01A-11R-2241-07","LUAD",3.39924042970676,3.55386882717643,10.0942807602303,2.13942979170501,3.19284144456344,0.882239419214416,5.82934241145131,4.48011619799574,5.1671870982419,5.15888190256298
"TCGA-05-4427-01A-21R-1858-07","LUAD",2.81805692009454,3.27490903728561,10.4826774553646,0.366479376760141,5.49150627903038,0.955397184421641,5.67300096840351,5.0434686556457,5.12203419834458,5.27950127413127
"TCGA-44-3917-01A-01R-A278-07","LUAD",3.50904487142545,4.80556573026818,8.7050622083852,1.20583125912329,2.98854004218078,1.91552126421162,6.34565579940309,6.39503333139183,5.29222538026273,6.01097150368589
"TCGA-64-5775-01A-01R-1628-07","LUAD",0.938218949216524,1.63719343742973,9.98690215314772,-1.06829098899107,6.60228804761524,-1.33925138381002,1.57582491458536,3.95437648965918,3.50647534060092,3.01222558161515
"TCGA-86-6851-01A-11R-1949-07","LUAD",4.1052103995118,5.4578656641848,11.9141266761694,3.72911957321325,4.28267185348347,3.34130998906446,9.62265117142039,6.43071292869588,7.83951915465905,7.96429441825844
"TCGA-73-4677-01A-01R-1206-07","LUAD",2.78037193770768,2.72828746905607,11.1491243742398,1.35090271332401,2.68576575511381,-0.715570991762493,4.60101148671281,2.67230674089919,5.10038236191734,4.12456686317645
"TCGA-91-6848-01A-11R-1949-07","LUAD",3.42423107059396,4.61995154447186,10.1724564340102,1.85332637696987,5.93262041811462,1.39659161906652,8.20340747429604,6.57695186025213,6.00363267035457,6.92799733496758
"TCGA-44-2661-01A-01R-1107-07","LUAD",4.55102234865107,4.8243652413114,11.3864602850825,2.42560756648203,3.77835335264939,2.29567781583662,7.50048426296877,7.03084218232524,6.67296074921636,7.06809573150346
"TCGA-55-6981-01A-11R-1949-07","LUAD",-0.0808426770499399,1.00171702809751,10.1376083171533,1.2807304114324,3.49445591889199,-1.7721653136452,2.00783512516143,1.59273494235661,2.65175901008528,2.08410969253444
"TCGA-55-7284-01B-11R-2241-07","LUAD",2.8089715823873,3.05991898132527,10.8963027134668,0.459056973754938,3.40484642893928,0.364786113652647,5.47441961052384,3.78144885857997,4.87572023181199,4.71052956697193
"TCGA-91-A4BD-01A-11R-A24H-07","LUAD",1.24185890777661,2.67228342028072,11.1961150963094,0.682453407683208,2.66344290610796,-0.246112277392055,3.76038571941742,3.74752479383051,4.96305524100437,4.15698858475077
"TCGA-73-4670-01A-01R-1206-07","LUAD",1.17918474410627,2.05161788348009,9.96138092279054,-0.263737763162315,2.49867866527038,-1.26423293549494,4.11755526697615,3.67061218406906,3.55434539582278,3.78083761562266
"TCGA-49-6742-01A-11R-1858-07","LUAD",1.46064415256813,2.03501677034857,10.700119679752,-0.00082282313702751,1.87789207506033,-2.06134177518721,2.14900349159254,1.69862017224155,4.39138551954092,2.74633639445834
"TCGA-55-A48Y-01A-11R-A24H-07","LUAD",1.74604864073924,2.8982334914406,9.52900685786105,0.290565909167352,2.30806446124724,-1.59838765709418,5.48510876783654,4.22393891915529,4.68360523121676,4.7975509727362
"TCGA-97-8176-01A-11R-2403-07","LUAD",1.6077831689985,2.12739437666129,9.18779964055485,0.515105479281595,1.13158039802871,-0.706534163226851,2.31221028483583,1.28444225559213,4.0085796208033,2.53507738707708
"TCGA-55-A48Z-01A-12R-A24X-07","LUAD",2.77736201564573,2.85233505810888,11.1987807918309,1.88340222082574,4.3834040133949,0.539560295692754,6.43424467012512,5.17589916318026,6.00441923493713,5.8715210227475
"TCGA-50-6590-01A-12R-1858-07","LUAD",3.69169226690967,4.65646904086526,11.8899213644854,3.07541678008953,6.07863266161566,1.9241913302971,8.85142519217485,6.95626383236002,6.53485573513084,7.44751491988857
"TCGA-78-8662-01A-11R-2403-07","LUAD",1.29373600549609,1.32155829721516,7.63855901512345,-0.45878507795528,1.25950903000126,-1.20588690190038,4.70696608141892,3.27518392995062,3.90447583247311,3.96220861461422
"TCGA-50-5931-01A-11R-1755-07","LUAD",1.96320486214222,0.689358233137763,9.57699504674202,-1.23056518347735,0.609291135674261,-3.86021535218704,2.83435532875536,2.42579925452651,2.8564232949627,2.70552595941486
"TCGA-50-5944-01A-11R-1755-07","LUAD",1.24196254377747,0.860887031880415,10.2931207321317,-0.987607870403805,2.25896933367816,-0.333425494106968,3.86740259163402,2.7680466464152,3.95613843637291,3.53052922480738
"TCGA-MN-A4N5-01A-11R-A24X-07","LUAD",3.48940021882989,3.89523377967921,11.8570488845346,3.3793375735118,5.27106629420051,1.5729143584482,6.55210673226337,5.05583939349265,5.45937125365433,5.68910579313678
"TCGA-64-1680-01A-02R-0946-07","LUAD",1.4275045901347,2.5733410005473,10.7217221885852,0.192146936869915,2.27782355489949,-1.57777464605609,4.10894651292435,3.21004736482458,4.09352067252927,3.8041715167594
"TCGA-64-5779-01A-01R-1628-07","LUAD",3.08881367751211,3.2318823314287,9.37562446357669,2.02291328455572,2.1766919887484,-0.918741794447546,5.52060487026128,4.3503897376018,5.55748129118971,5.14282529968427
"TCGA-49-6744-01A-11R-1858-07","LUAD",3.87653241937166,4.03238423912565,11.2699383008355,2.62530410886864,3.35943190362929,0.14195557534237,5.82652514733023,5.35662226926514,6.65599921786515,5.94638221148684
"TCGA-MP-A4SW-01A-21R-A24X-07","LUAD",1.91796753725549,2.85973686467857,10.3229004545946,1.80110344791614,3.16528615647528,-0.220152695201876,4.06969527587836,3.20234953118207,4.91257455292547,4.06153978666196
"TCGA-78-7162-01A-21R-2066-07","LUAD",3.35979873794245,3.81385929806466,10.7849903221445,1.42337442240027,2.72993524978141,0.377260470449089,6.14719385081125,3.83844739636479,6.15884822068383,5.38149648928662
"TCGA-69-7763-01A-11R-2170-07","LUAD",1.74793148649114,2.34160775902356,9.95627756220656,-0.142089460182698,2.8432261243996,-0.653023649547934,2.97799515852107,2.37943643231353,4.53453491818634,3.29732216967365
"TCGA-75-5125-01A-01R-1755-07","LUAD",3.16559862424404,4.1702696303128,10.4928564426559,3.5752398419663,7.16456510366584,2.0364113707714,8.67853591517526,6.71618982588498,6.16217170500188,7.18563248202071
"TCGA-44-5644-01A-21R-2039-07","LUAD",1.71924124363278,2.19320808500287,9.14233430819926,0.272610097917507,0.828910152973531,-0.943453321918573,2.67423069828344,1.71017502275702,4.00135613303792,2.79525395135946
"TCGA-55-8512-01A-11R-2403-07","LUAD",2.75650181042132,2.50647474904367,9.5734891736373,-0.815440691300858,2.58267717002155,-0.191705694044224,1.07375860916619,1.20319026246732,3.98014592143734,2.08569826435695
"TCGA-75-6212-01A-11R-1755-07","LUAD",0.955326865558811,2.81565947241747,11.3511573510508,1.88829822582031,3.10784267146734,-1.00303046219451,4.19726900628097,2.85001238989071,3.95984690366769,3.66904276661312
"TCGA-38-A44F-01A-11R-A24H-07","LUAD",2.82198680242179,3.5101792614161,11.5118871938281,1.94207970437312,3.25639718682146,1.40306724061575,6.99314967812658,5.58859500330957,5.94373326659551,6.17515931601055
"TCGA-NJ-A4YI-01A-11R-A262-07","LUAD",-0.0552475172366796,1.43137724439965,9.65008800946262,1.59589595625704,4.86010483150829,-0.853760657928347,1.44448981111337,1.37917903572155,2.86774642166967,1.89713842283486
"TCGA-50-5066-01A-01R-1628-07","LUAD",5.47431703023409,5.51111173261629,11.262230271444,2.47041685646838,3.90703624838902,2.33398999368313,8.27241378929255,7.55699727021223,7.37665882009732,7.73535662653403
"TCGA-75-6211-01A-11R-1755-07","LUAD",2.26410769977236,2.95599023154716,8.77519294356385,0.84276361780025,1.53439100866402,0.0211498436431726,4.25700156612458,2.34214867986856,4.33329248484549,3.64414757694621
"TCGA-44-6774-01A-21R-1858-07","LUAD",1.16265863060022,2.64498338460042,10.01031127489,1.95068986202704,3.0842393882713,-1.1943488765565,4.89510831294721,4.28644646683108,4.3375272903191,4.50636069003246
"TCGA-05-4398-01A-01R-1206-07","LUAD",2.56767205818317,3.2123407661868,10.3258671546223,2.545937986666,6.18611577326369,0.453563794449341,7.02270847871013,6.57264070605344,5.36494847933841,6.32009922136733
"TCGA-05-5423-01A-01R-1628-07","LUAD",2.95997231386443,3.39833008972236,10.5333913843489,1.30315133934154,3.05612894661367,0.383363613550254,3.52874187601991,5.26790200989015,5.11579449021586,4.63747945870864
"TCGA-L9-A443-01A-12R-A24H-07","LUAD",2.90308439328617,2.84441342559547,9.88215254652316,1.09215228120773,3.13553771340074,-0.103989222550976,6.59201901228976,5.45991942033957,5.30806700352467,5.786668478718
"TCGA-97-8171-01A-11R-2287-07","LUAD",-1.44136758270312,1.00691817399913,9.65578273535897,-2.38652541890245,0.195278883509263,-3.38274468430316,1.53050007969558,0.610158291244867,1.62274306277889,1.25446714457311
"TCGA-44-6775-01C-02R-A277-07","LUAD",1.24773728517293,0.915725069161276,7.97347569637265,-0.827289592561411,4.05012399227923,-1.14661287736863,4.11677900872869,4.06948458650686,2.12706411803479,3.43777590442345
"TCGA-71-8520-01A-11R-2403-07","LUAD",0.840202657583,1.74604260550379,10.7699920402221,0.00468992801770594,3.29302327627303,-1.19283114127939,3.83220840277898,3.25076978725614,3.76774751175037,3.61690856726183
"TCGA-67-4679-01B-01R-1755-07","LUAD",2.62509954141995,2.3821342898255,10.0304384857386,0.906484934358681,3.1533263518618,-0.541971106840027,4.01363938762691,2.94661945356705,4.85845290389291,3.93957058169562
"TCGA-49-AAR0-01A-21R-A39D-07","LUAD",2.49312247584469,3.45827079204726,10.808269358117,3.00254866748589,2.68521433069481,-0.299953046602765,5.59407146331254,4.0188186132676,5.1727672795553,4.92855245204515
"TCGA-55-A57B-01A-12R-A39D-07","LUAD",1.20355449295546,2.23871273668581,10.0705339212009,0.780916069568217,3.13588620474277,-1.15312388915198,3.04705225073246,3.0291251738301,3.72336928210421,3.26651556888892
"TCGA-44-2656-01A-02R-A278-07","LUAD",4.82131174308845,4.69486974667524,10.1088379394028,0.318491121776232,6.14940977346892,2.24184533467824,7.74183074110293,6.90082446153675,6.54701819066541,7.06322446443503
"TCGA-05-5428-01A-01R-1628-07","LUAD",2.69838558174285,2.61085834758317,9.42671909472738,-0.32644443872315,3.27695580150581,0.363739279928308,4.48344773237272,6.16648938630384,3.84877257376369,4.83290323081342
"TCGA-NJ-A4YP-01A-11R-A262-07","LUAD",2.60780289638879,3.70549832022165,10.1059109330843,0.566833279211312,2.7537466101458,0.576277956491241,7.35801870438232,5.69487237540814,6.0215479677921,6.35814634919418
"TCGA-71-6725-01A-11R-1858-07","LUAD",-2.1612997327421,0.0070303896669988,10.3157640029073,-3.28916018148422,1.8255483701443,-4.59510331857414,0.0230912281799273,1.90396958684977,1.77508093790825,1.23404725097932
"TCGA-38-7271-01A-11R-2039-07","LUAD",4.98262515351162,5.11705207865793,11.3224201263821,4.02943773323218,3.76586642115288,0.758513636859776,7.60068299472678,4.70930745235333,7.41025155921224,6.57341400209745
"TCGA-75-7027-01A-11R-1949-07","LUAD",1.55557293523478,2.44255555585634,9.66227301693343,0.925921795130651,1.81535727909326,-0.908995174381273,4.85902820118667,3.4758808375963,4.2717926480488,4.20223389561059
"TCGA-55-6978-01A-11R-1949-07","LUAD",5.08327321337963,5.55886964897764,10.8226167909694,3.57319118204926,6.47430872359445,2.80382874517965,9.70477940553674,8.34169644587866,7.60716431368777,8.55121338836772
"TCGA-J2-8192-01A-11R-2241-07","LUAD",2.11907226159168,2.14047484264284,10.5896243234146,0.459185008052259,3.84313048869643,-0.154322554215596,4.19221369368338,3.09653889269936,4.77357772865304,4.02077677167859
"TCGA-44-4112-01B-06R-A277-07","LUAD",2.55046300736643,1.61912465863454,7.40943907351481,0.0151837869090994,3.97150847080319,-0.255825482896072,3.60775123164377,2.70360618696615,3.27780833507963,3.19638858456318
"TCGA-44-3918-01A-01R-1107-07","LUAD",4.75843165578931,5.81546866450046,11.362751871748,3.611423553296,6.45069677904393,3.27751611553913,9.32940858610722,8.16249273435343,7.43047772538833,8.30745968194966
"TCGA-44-4112-01A-01R-A278-07","LUAD",1.84625566226449,2.55776255138053,9.03026716628121,-0.140335834685352,3.15269216614627,-0.550450777821937,2.23012808794431,3.3874512903815,3.54241813727241,3.05333250519941
"TCGA-49-4490-01A-21R-1858-07","LUAD",1.69991793395644,1.89241331918113,11.2320466939142,1.15714301747948,1.31864451033841,-0.719190290681108,4.57614584368645,3.07366840709151,5.00532380450411,4.21837935176069
"TCGA-35-4123-01A-01R-1107-07","LUAD",6.44726397502185,5.71688412695699,11.2643012860647,4.46500384419277,6.21211106278889,3.36439483428941,7.38502954363339,8.48299309287615,8.4563749034119,8.10813251330715
"TCGA-MN-A4N1-01A-11R-A24X-07","LUAD",-0.192555364388153,0.376499777235221,9.92428526457445,-0.634598970630375,2.56054451050058,-2.88306333617216,1.09230664414206,0.930636848645791,2.66278109159542,1.56190819479443
"TCGA-62-8394-01A-11R-2326-07","LUAD",2.63246733453276,1.96231244354507,11.7067422425258,1.42837674804138,2.5707418919938,-0.87750920813807,4.80698196025872,4.56200587826313,4.89683902394324,4.7552756208217
"TCGA-05-4395-01A-01R-1206-07","LUAD",2.28361276775162,4.46136931989937,10.8225941771169,1.48369797281626,3.23588380888288,1.29840347684267,5.93579613333896,5.80424968859256,6.97803254893878,6.23935945695677
"TCGA-78-7539-01A-11R-2066-07","LUAD",4.08169082150554,3.96982733147846,12.6469599528955,2.92110022857456,3.62404650373613,1.75961656188766,7.02210084535401,6.28274920823032,6.70250512131746,6.66911839163393
"TCGA-MP-A4T8-01A-11R-A24X-07","LUAD",-0.109204155084737,1.18463195750228,8.65980427135516,0.401636700561409,1.63806871908141,-0.85405607693261,1.28873864411504,2.38919367353609,3.51103276373158,2.39632169379424
"TCGA-MP-A4TH-01A-31R-A262-07","LUAD",3.31678086426693,3.30537540884661,10.6963355825082,2.87514732007649,3.07791692351177,1.67125896335526,5.82990740217901,3.48185521288191,6.08017453546308,5.13064571684133
"TCGA-78-7156-01A-11R-2039-07","LUAD",1.33663222828242,1.98086940822916,9.15893987768787,-1.48998983714348,1.22012405010621,-0.297477930256517,5.51840394919371,3.70664540550456,4.34492566000768,4.52332500490198
"TCGA-86-8669-01A-11R-2403-07","LUAD",2.33335187431819,3.05634374346431,10.505515783916,2.28831841375565,2.93680268630895,0.0855018352297674,5.68748943109627,3.06867437825347,5.32078416173939,4.69231599036304
"TCGA-50-6594-01A-11R-1755-07","LUAD",0.157497531416157,2.45552819190278,10.0905328142953,3.76249943342902,7.98410297736179,-0.685588965958144,3.23265402287882,2.59998127982439,4.29758591758233,3.37674040676185
"TCGA-50-7109-01A-11R-2039-07","LUAD",3.21344962337053,4.31003826188596,10.2061848188785,2.19267492941806,2.42633431346133,1.43089496730051,6.6473211651606,5.21848792700533,5.82632719922748,5.8973787637978
"TCGA-44-7667-01A-31R-2066-07","LUAD",1.0141967918412,3.70516451720794,8.97699381360423,-0.156352418695656,1.99752990118728,-0.377418221216368,5.8116665765331,5.22466132454501,4.46206787361279,5.16613192489697
"TCGA-44-A479-01A-31R-A24H-07","LUAD",3.91510960639466,4.66387204975775,10.2982027095045,3.60490759634476,4.05033209621653,1.74076608569965,8.70585168222391,6.47277735556852,6.49567890083589,7.22476931287611
"TCGA-44-8120-01A-11R-2241-07","LUAD",1.46829386151429,2.10154849637869,9.67105551695745,0.852607498538983,2.54055009971375,-2.33490414632909,3.11557700394269,2.22683488149485,3.81403590091567,3.05214926211774
"TCGA-38-4632-01A-01R-1755-07","LUAD",3.40202682514855,3.65600702694181,10.8968947367768,3.91043950095494,4.5917517989667,-0.0167405418921655,6.12455089413764,6.19462745456208,5.26000828421441,5.85972887763805
"TCGA-95-8039-01A-11R-2241-07","LUAD",1.63998139407645,2.93396200918472,11.3499170597742,1.39100432571787,3.81117584464227,0.5667278059694,5.15044476079828,3.91530882097706,4.8704711651212,4.64540824896551
"TCGA-55-6971-01A-11R-1949-07","LUAD",4.39376467471915,5.15324025403093,10.5833528741984,3.64087709174251,3.91637396672948,2.57215571186513,7.40755818716321,5.40655835234651,6.63166799560536,6.48192817837169
"TCGA-L9-A8F4-01A-11R-A39D-07","LUAD",3.81515244499045,4.19789671887792,9.50683414553628,3.26264928043658,3.11133707683015,2.11543967574051,7.56364900387926,5.17872632578848,6.31818281287815,6.35351938084863
"TCGA-55-8205-01A-11R-2241-07","LUAD",4.61302828434782,4.95018965157046,11.2625850870923,2.92693355645436,6.45255603013704,3.00407585205779,8.93971264088904,8.02033368416385,6.81276103932273,7.92426912145854
"TCGA-91-6828-01A-11R-1858-07","LUAD",3.31722031365651,3.73888638985225,10.8990455998987,2.64126324417844,3.65514603373953,0.801260055945304,8.00295400602103,6.4316051557084,5.65854632288513,6.69770182820485
"TCGA-50-6591-01A-11R-1755-07","LUAD",-1.07151437364691,-1.28982176119566,9.076310630708,-2.6813817406932,-0.0201339972039697,-4.59510331857414,-1.48884811207262,-1.00160713180246,1.03240030456649,-0.486018313102862
"TCGA-05-5425-01A-02R-1628-07","LUAD",4.92243391009351,5.09793644610138,12.1368679065385,2.67361290743182,3.86913654514976,2.10256826918422,8.76617477651654,6.71918342488737,6.66403466466033,7.38313095535475
"TCGA-49-AARR-01A-11R-A41B-07","LUAD",3.21950985890297,3.24383076132134,10.3727717104607,2.31049515899427,3.74048263490473,0.560076112229576,3.686384156686,1.96019690238279,5.44439685902284,3.69699263936388
"TCGA-50-5045-01A-01R-1628-07","LUAD",4.09436324353,4.19073371578038,11.4157401615399,3.01586895575314,4.63303093402843,1.28288863356961,7.00997186645454,6.42378759462742,6.82581796866383,6.75319247658193
"TCGA-69-8453-01A-12R-2326-07","LUAD",3.11196278642482,3.730350267364,11.4030484052526,2.47523322072821,3.56333862141446,0.746313090140267,6.86676007734279,5.12432572623165,6.37813647944913,6.12307409434119
"TCGA-MP-A4TA-01A-21R-A24X-07","LUAD",3.27380188202646,3.92144323065361,11.3738888797039,2.35623319748614,2.85155206187712,0.663686402067578,4.11611358950843,3.89861297780194,5.96009662349188,4.65827439693408
"TCGA-49-AARQ-01A-11R-A41B-07","LUAD",3.61162363946444,3.88596150467221,10.8616522580825,2.71621231017658,2.41958702925833,1.70335137166977,6.99522765320585,5.07526075946603,7.4426182297859,6.50436888081926
"TCGA-55-6975-01A-11R-1949-07","LUAD",2.10781780027904,2.51857577191238,9.46533187528154,0.21322376468509,1.39862507510271,-0.556021380892743,3.06793237899395,3.88496045894155,4.85335566054017,3.93541616615856
"TCGA-75-6205-01A-11R-1755-07","LUAD",4.00705506233174,4.00994430075789,11.1003757632042,2.52326674167351,4.99222979600397,1.5021313967066,7.84630971928715,7.29898180867017,6.93100300778414,7.35876484524715
"TCGA-55-8513-01A-11R-2403-07","LUAD",1.10399824068157,2.12584636252309,10.5267359519211,1.13702336027256,3.81275321531667,0.144209472368102,4.09779300989949,3.2834324923911,3.8158701220402,3.73236520811026
"TCGA-49-4512-01A-21R-1858-07","LUAD",0.188208026728299,0.844702080228692,10.3001381010838,-0.0597680151202661,2.3905636031041,-1.26745270327211,3.40352337785028,2.37173126788835,4.25929370385028,3.34484944986297
"TCGA-55-7574-01A-11R-2039-07","LUAD",3.96535007277459,3.9307629138835,10.2142397554097,3.1451387880317,3.05939730249776,0.682248229181366,6.19431626479179,4.43774963062436,6.28682462136457,5.63963017226024
"TCGA-55-A494-01A-11R-A24X-07","LUAD",1.58465812335622,-0.251086876628817,7.81406975122166,4.03621473851215,0.383831975906138,-1.84545518147237,0.405495812264249,-0.704005034243159,1.76441234415476,0.488634374058617
"TCGA-55-7910-01A-11R-2170-07","LUAD",0.692853293681431,2.80333329045817,8.65828713346358,0.648929108425286,2.24448978979815,-2.07645380595553,3.94720777238681,3.06679839904958,3.4441840709279,3.48606341412143
"TCGA-L9-A50W-01A-12R-A39D-07","LUAD",0.787113643515762,3.31013833393261,11.2506236071614,2.11111457117575,1.40047322417728,-0.747286606643907,5.08578791941872,3.21330615182478,4.05031692585978,4.11647033236776
"TCGA-NJ-A55A-01A-11R-A262-07","LUAD",2.86342067860581,2.73889529141317,9.74249934348443,2.22844151380146,3.33949770326487,0.925494200954325,6.86726371797778,4.31426298792206,6.011662594271,5.73106310005694
"TCGA-97-7554-01A-11R-2039-07","LUAD",2.54003156200804,2.87747432204022,11.2523651059317,1.41248155995468,5.91597407776802,0.315288173233885,5.47798852411189,4.78549077577299,4.59475885342611,4.95274605110366
"TCGA-55-7727-01A-11R-2170-07","LUAD",2.73547538545238,2.4960258936806,10.0860916563014,-0.746881538854641,3.6089399488892,1.24990713603505,6.78231778160398,4.35608943324897,5.22770889886413,5.45537203790569
"TCGA-75-6203-01A-11R-1755-07","LUAD",2.6185884518579,3.99425631621036,10.9290385238282,1.0103480430422,3.68917644240131,1.50410656612289,4.78820552045845,3.85572270447604,6.0793223140233,4.9077501796526
"TCGA-49-4506-01A-01R-1206-07","LUAD",5.47735351585638,5.66160629705368,11.2837905171948,2.8639529670986,2.59118924030195,1.91063043693313,6.63170002108816,5.37251225994797,7.62899568552018,6.54440265551877
"TCGA-44-2668-01B-02R-A277-07","LUAD",3.17229534735721,3.71874544243123,9.56268128861967,2.01182999897965,5.32842360049161,0.399087878510002,7.08892173031274,5.31344096064047,5.6770930236367,6.02648523819664
"TCGA-49-4487-01A-21R-1858-07","LUAD",4.21608148000901,4.83675310635483,10.6417477305634,2.88419379423351,3.36837749489596,1.29297201818512,7.83900179683582,5.46864528345196,7.40911785699372,6.90558831242717
"TCGA-44-2668-01A-01R-0946-07","LUAD",3.93032906659334,4.94263251188253,11.8713326477279,2.83209430702964,5.29292596625995,1.09358034655767,7.66949487947085,6.71350198392206,7.78101083203077,7.38800256514123
"TCGA-44-7659-01A-11R-2066-07","LUAD",1.58740611777908,2.14307768908205,10.4190999118317,0.330018248289516,3.20803681300449,-0.159043783361554,4.61000163666393,2.58212843143443,4.89924026135216,4.0304567764835
"TCGA-86-8673-01A-11R-2403-07","LUAD",3.03236245164322,3.80268651610552,9.8730607139013,1.95934326763326,1.56988035721901,0.464278009781221,4.78446107189574,3.4333802403352,6.03044197012722,4.74942776078605
"TCGA-86-8671-01A-11R-2403-07","LUAD",4.63162470833409,5.19243675367917,11.5408111572635,4.29456637398446,4.26568801842423,2.82528767049736,9.02874880360714,7.05358422671726,7.84923508855495,7.97718937295978
"TCGA-05-4415-01A-22R-1858-07","LUAD",3.25318868135426,4.61122029072239,8.59032598827825,1.42376268632887,3.18322033475123,1.15423704253309,6.12644622692563,4.47012499926548,5.8966595086526,5.49774357828124
"TCGA-55-6972-01A-11R-1949-07","LUAD",0.67433110575368,2.27088240319216,8.4599307687968,-1.83938982346086,0.243775627998939,-2.10887999006052,2.29216434716959,1.15806166207085,3.38800041191735,2.27940880705259
"TCGA-38-4627-01A-01R-1206-07","LUAD",2.08427628370858,3.1870759992168,11.4471920563857,0.913142075535843,2.68421652231535,-0.523959541071271,3.99823251065239,3.96840111303481,4.95533049362763,4.30732137243828
"TCGA-J2-A4AD-01A-11R-A24H-07","LUAD",1.016457783447,0.282211620549264,9.81446216619601,-0.35829217892167,2.20832788267799,-1.50113350610603,0.366228115205996,1.61442189635181,4.23553622976789,2.0720620804419
"TCGA-78-7166-01A-12R-2066-07","LUAD",1.28612357017169,2.94011644941377,10.4824781125727,1.17135170721752,1.89228312099251,-0.0602668624653682,5.39180136697454,4.58156805018258,5.75317905371985,5.24218282362566
"TCGA-86-7955-01A-11R-2187-07","LUAD",0.907601519048022,1.68442542465475,8.73405744071984,0.172003242630141,1.26454855892361,-0.573485575016175,2.69261990737228,3.41402675581309,3.77247939357687,3.29304201892075
"TCGA-86-8054-01A-11R-2241-07","LUAD",1.19093223286537,1.62423853838731,8.66286999139281,-0.27421342145686,2.05277142295289,-2.17532995366447,3.57362825337542,1.69996919314833,3.59723024426794,2.95694256359723
"TCGA-55-8089-01A-11R-2241-07","LUAD",4.81974313723128,6.55241776399067,11.5987766045009,3.55887202306912,5.03226159768275,3.17200397991304,10.0352958523567,7.72003393560694,8.47192129191447,8.74241702662603
"TCGA-91-6829-01A-21R-1858-07","LUAD",2.23163700519111,2.67395134970694,10.5871535496569,-0.0231259281881576,3.36695984338395,-0.130690984684306,3.35703881834638,2.84448686007429,4.28778100907332,3.49643556249799
"TCGA-97-7552-01A-11R-2039-07","LUAD",4.99926434976967,4.91621983206111,11.5728603320991,2.56068909497821,3.92732259566577,3.47288463703755,7.72250869258021,5.78791491524595,7.7408407150859,7.08375477430402
"TCGA-55-7911-01A-11R-2170-07","LUAD",3.92951321801123,4.70618811213246,10.6326889479565,3.55244565172294,5.19650354214647,3.13730926927641,6.79581385337997,7.16808692069561,7.02699662802661,6.99696580070073
"TCGA-38-4626-01A-01R-1206-07","LUAD",2.33628613428443,3.21922193997031,10.7467172983954,0.987092905752203,4.37803527548588,-0.110183246594542,3.72949721851293,4.00908381432211,4.96302738849825,4.23386947377776
"TCGA-44-5643-01A-01R-1628-07","LUAD",2.97814514317201,3.65386501024865,8.9967489629296,2.19318642146176,2.28547981010152,0.576803663775655,6.78270928848434,4.05026026698174,5.67949049375196,5.50415334973935
"TCGA-86-8279-01A-11R-2287-07","LUAD",-0.0672772729927755,0.600811528896031,9.91342033843288,-0.345111176576358,1.3403094112266,-1.90077001539213,3.33590256749802,2.87583311524807,3.04601800887026,3.08591789720545
"TCGA-69-7764-01A-11R-2170-07","LUAD",2.90206554716497,2.49278954128991,10.0907022042675,1.00531861551501,2.10305337101114,-0.739611529965535,6.47066658051309,3.81429915394634,5.47657815943278,5.25384796463073
"TCGA-83-5908-01A-21R-2287-07","LUAD",5.25949554995089,6.14569605474202,11.8585568607458,3.46641680613856,7.30622967345688,3.02840925540729,9.6681358586189,8.22165085380249,7.80954634432889,8.56644435225009
"TCGA-62-8398-01A-11R-2326-07","LUAD",1.87683346485265,3.25499623054545,10.4487459384251,1.74037740693756,3.66428980183698,-0.0872211964472692,6.17368938596484,3.98271179756578,4.47753936254329,4.87798018202464
"TCGA-55-A4DF-01A-11R-A24H-07","LUAD",3.61858944248669,4.08164096185213,11.3210071545628,2.19341983085111,4.90998459082777,1.35582568764658,7.08043079620441,5.78827810944663,5.75036602904996,6.206358311567
"TCGA-05-4244-01A-01R-1107-07","LUAD",1.98011150328883,1.7988361212972,10.3983056308664,0.068824232685322,4.92398422237103,0.0476732070349647,3.67839571496677,3.4003911337938,4.12081832629079,3.73320172501712
"TCGA-55-8096-01A-11R-2241-07","LUAD",2.13058008187162,2.39744090578791,9.91104438312697,2.66640319702274,2.29932809548114,0.135798005655623,4.35317665296977,3.27870422859956,4.26551664914516,3.96579917690483
"TCGA-97-7553-01A-21R-2039-07","LUAD",3.83894618061947,4.22420833678302,10.6938653654638,2.18376485345081,4.34920557936319,1.80517581711165,5.80782037555425,5.26942794874678,6.07215113846576,5.71646648758893
"TCGA-44-6777-01A-11R-1858-07","LUAD",2.25764738523898,3.19518437748934,10.9097946205605,1.83525275236333,4.56369911267854,0.491412790008874,6.21305286412829,5.19573028030972,5.21385726818039,5.54088013753947
"TCGA-67-3774-01A-01R-0946-07","LUAD",2.36769825653795,3.21065102141349,11.215757575451,1.75457112051935,2.90150788079364,0.772153714129863,6.57194791148481,4.31484817841865,5.4230558257332,5.43661730521222
"TCGA-55-A492-01A-11R-A24H-07","LUAD",1.11903232670164,2.37705142607448,10.7259779532893,0.188544978699285,1.01689721290269,-0.547412139583366,3.55750583885322,1.94299550615382,4.94699461041647,3.48249865180784
"TCGA-44-6775-01A-11R-A278-07","LUAD",1.0420460218759,1.73507094068078,10.2316381466152,0.811944949417474,3.55839742118319,-0.113335199811008,3.77915636103138,4.15645418455283,3.50328804536404,3.81296619698275
"TCGA-67-6217-01A-11R-1755-07","LUAD",3.53079400314246,3.19931172068586,11.74755844547,2.024271639691,2.82532402161113,0.321145057575031,6.84261643516576,4.17873435550916,5.82179245815634,5.61438108294375
"TCGA-55-6985-01A-11R-1949-07","LUAD",2.99814965510227,4.3984176559159,10.8379707298518,2.43721999850144,4.05753712527463,1.11564676144177,8.133377039346,6.09769447004136,6.33758392964817,6.85621847967851
"TCGA-78-7542-01A-21R-2066-07","LUAD",2.48945380514517,3.20381575457353,11.931995801666,1.07724254665226,6.53718403527447,0.605134752760157,6.15665899434696,6.98264069187419,4.89662494577593,6.01197487733236
"TCGA-86-6562-01A-11R-1755-07","LUAD",0.801337456074793,2.00801876037217,10.0749460788078,-0.228421652099443,3.4130915016168,-1.2927514717502,3.98548643096524,3.01519591483883,4.04851874456976,3.68306703012461
"TCGA-97-7938-01A-11R-2170-07","LUAD",2.75932540397792,1.94180074310421,9.77008641650963,0.183826644258272,4.10645776130653,-0.636302552226975,5.45358648139724,2.47733810387761,4.60685888423717,4.17926115650401
"TCGA-97-A4M0-01A-11R-A24X-07","LUAD",3.62880743183862,3.02666597474536,11.2925285307214,2.47829381428053,3.54691268965512,1.40657735220504,5.59224539318047,4.50158452244349,5.8026802949695,5.29883673686449
"TCGA-05-4432-01A-01R-1206-07","LUAD",3.26508527344409,3.76503501633715,10.4151109700249,2.12059165957884,3.06371381435155,0.257165945927853,6.63357426664497,4.61928818600911,5.16838442490579,5.47374895918662
"TCGA-93-7348-01A-21R-2039-07","LUAD",1.9971780971667,2.65630993474243,10.0087819144689,0.799830768849756,2.5125931261416,-0.125185420233067,5.40601533896289,3.40585788763904,4.4832943770524,4.43172253455144
"TCGA-55-6984-01A-11R-1949-07","LUAD",1.15943418653899,1.93408357208309,10.2734508964446,1.08149392964801,2.44042299263814,-0.185579815655534,1.52323330965533,1.16087457021632,3.81624369991045,2.16678385992737
"TCGA-69-8254-01A-11R-2287-07","LUAD",2.24066042407711,2.94852484474304,10.9510463463868,1.90247712863235,3.45844608766388,0.160618595309087,6.76930248348514,4.66581197266018,5.52828095070555,5.65446513561695
"TCGA-55-6712-01A-11R-1858-07","LUAD",4.92430989246571,4.66118382147874,12.0556695631004,2.88097687628101,4.92618766452872,0.625759488810217,8.12818732987397,5.63107914856475,7.26830100455109,7.0091891609966
"TCGA-91-A4BC-01A-11R-A24H-07","LUAD",6.01130943535611,6.55170847895401,10.7285729319438,4.28999936979645,3.04104411576166,3.80465352095626,7.79930955116295,5.60170374354177,8.68555710718914,7.36219013396462
"TCGA-MP-A4TI-01A-21R-A24X-07","LUAD",3.92418255967468,5.23739211168934,11.247877962233,3.69895318751268,6.01185869394182,2.70594953572181,8.20753251182696,7.55072455217787,7.3615645375161,7.70660720050698
"TCGA-93-7347-01A-11R-2187-07","LUAD",4.4687738962283,3.90538349178012,10.8716502176728,2.95120865708016,3.14691655798085,2.61093981773867,7.74576690848567,5.45664458711847,7.15850157331761,6.78697102297392
"TCGA-50-5936-01A-11R-1628-07","LUAD",1.15015077152752,2.16337723223444,9.7239944285627,1.4819090049425,2.37103501204907,-0.349040303339231,4.36235490578383,2.7831849414268,3.80210545691789,3.64921510137618
"TCGA-44-2657-01A-01R-1107-07","LUAD",4.93203201653387,4.92300872639909,11.4392623044479,4.10801774533977,3.13415878367132,2.45746477895652,7.94572236605578,6.03665076691754,7.13566126232657,7.0393447984333
"TCGA-49-AAR2-01A-11R-A39D-07","LUAD",2.61539182727444,3.12909977759877,11.3487645785851,2.33917309059346,1.48978420732032,-0.0532844734348318,6.11817075572133,3.36019208617089,5.60130784535576,5.02655689574933
"TCGA-44-A4SS-01A-11R-A24X-07","LUAD",3.65074591041416,4.6874791394239,11.829135000929,3.4394622938928,3.68652079141239,0.920403894263409,9.27284156212287,7.41412180095161,7.24312919030632,7.9766975177936
"TCGA-55-8505-01A-11R-2403-07","LUAD",0.293417947168025,1.64681199542928,9.27016264896292,-0.588534627460586,1.19655252811931,-1.67796091902624,2.66883434456138,1.74390068694033,2.71722591187476,2.37665364779215
"TCGA-64-1676-01A-01R-0946-07","LUAD",4.10019873327144,4.20943957470502,12.64267853517,1.04730630102257,5.92872076200052,0.615119187733873,7.8801145052903,7.97629082720637,6.29026824804852,7.3822245268484
"TCGA-64-1678-01A-01R-0946-07","LUAD",2.11276052183452,2.76012824167893,8.44373505885397,-0.503165656655542,0.684322236270766,-1.42095173382112,2.69898060910368,2.79085617230412,3.43437641731953,2.97473773290911
"TCGA-44-2666-01A-01R-A278-07","LUAD",2.0639144836423,1.79805367116403,9.50634795582229,-0.172597237129255,3.87343072818647,-1.52770953346477,0.465366066993337,1.68409345198395,3.38222016609038,1.84389322835589
"TCGA-97-7937-01A-11R-2170-07","LUAD",-0.00756688929212823,2.19828460734662,9.02343236841003,-1.08079017509428,1.61406893218988,-0.772732988990384,3.69649114952974,3.16500756129063,2.70316711211294,3.18822194097777
"TCGA-55-8087-01A-11R-2241-07","LUAD",0.438857876629187,0.411641533428949,8.77643433523292,0.227602966692649,1.2688587639397,-1.39045957637278,2.241675897634,0.0696126536844917,2.85911167075811,1.7234667406922
"TCGA-78-7220-01A-11R-2039-07","LUAD",3.16999510860458,3.22922502063867,8.87445362367425,1.15967285129652,2.59512856781102,0.171438367183292,4.94956485447263,3.48109296816248,4.79861415251515,4.40975732505009
"TCGA-78-7167-01A-11R-2066-07","LUAD",1.17549082002343,1.25575643405418,9.03340694862519,-0.607053438499846,-0.0425279925126606,-0.668419201700854,4.0622438657531,2.30713587276829,3.92875186131311,3.43271053327817
"TCGA-55-A493-01A-11R-A24H-07","LUAD",3.33835635483891,4.87578147608105,10.048007080767,4.79713022061083,6.04797365439489,1.92441544033278,7.29339975713747,6.74443066404584,6.70740846443809,6.91507962854047
"TCGA-55-8616-01A-11R-2403-07","LUAD",2.30594110540815,1.12289513881862,9.2696813003923,1.36761345207195,3.81301418019581,-1.80836118149284,5.62876709623793,1.60611053192831,4.26351410378037,3.8327972439822
"TCGA-55-7570-01A-11R-2039-07","LUAD",3.97042017274336,2.31127152291644,8.68840021616749,1.31810115385197,1.93000627657172,1.01955540005225,4.91138491394252,3.07568161514239,3.92592422235996,3.97099691714829
"TCGA-44-5645-01A-01R-1628-07","LUAD",2.21464816877301,2.60689403703194,10.0217138653382,1.92296824780003,2.98095461853951,1.05680445871884,5.27353890971388,3.92791334252269,4.76431149011805,4.65525458078488
"TCGA-44-5645-01A-01R-A278-07","LUAD",1.72218281691866,2.41456676967246,9.5780025925109,1.63299097904126,2.98638932968226,0.975742246877983,3.58232693928213,3.79946472552713,3.99550716804401,3.79243294428442
"TCGA-75-7030-01A-11R-1949-07","LUAD",3.08908504401696,2.81240842468436,10.9123784506176,1.74482208111107,3.18952363506411,-0.39058537845086,5.63868480428525,4.30560748173509,5.56558782302257,5.16996003634763
"TCGA-62-A46S-01A-11R-A24H-07","LUAD",2.12381977575617,2.67312918328641,10.2375530524546,0.313536562552882,2.75287077608083,0.722462837472476,5.65469260115425,4.01145898176859,4.74949382015688,4.80521513435991
"TCGA-86-A4JF-01A-11R-A24X-07","LUAD",2.80625642935271,4.23409798296145,10.7113590577582,1.82470366969087,5.27603968548655,0.474642160432747,6.10978783205792,5.94642915400108,5.57282894785251,5.87634864463717
"TCGA-05-5715-01A-01R-1628-07","LUAD",1.7709769864076,1.22591850644199,10.8270456455217,-0.427499147268153,2.16622750285385,-0.674566485306285,2.89029295157553,1.69606994118652,4.27434970304402,2.95357086526869
"TCGA-49-4488-01A-01R-1755-07","LUAD",3.89380284721684,3.42265759324085,11.9281610842776,1.73668379360885,4.06745022469299,1.04944866295911,6.90438038164568,6.04985365973283,6.24082250162365,6.39835218100072
"TCGA-62-A46O-01A-11R-A24H-07","LUAD",0.534463672614039,1.53409753372629,7.95889611965528,-2.5153887227065,1.90820018434414,-0.865714119985013,2.77635994237564,1.7453779173266,2.61592789481412,2.37922191817212
"TCGA-86-8280-01A-11R-2287-07","LUAD",2.67387049265593,3.55972624285036,12.0129748561597,2.64056831434814,3.54622213744718,0.968312669810072,7.53515317171754,5.59156046753129,5.63911504009561,6.25527622644815
"TCGA-44-A47G-01A-21R-A24H-07","LUAD",3.97336170458275,4.11704560988099,11.6549386191524,3.34681694297815,4.96622513592997,0.232986441321967,7.60856559425529,5.81634096421735,6.48728090059277,6.63739581968847
"TCGA-62-A472-01A-11R-A24H-07","LUAD",3.31106203836133,3.45248400322989,9.66567072373357,2.44021280769089,4.79419878200107,1.45116959299238,6.2976778969608,4.95085881827535,5.47490905899619,5.57448192474411
"TCGA-J2-A4AE-01A-21R-A24H-07","LUAD",2.54895814334199,2.27377214423806,11.2843688434685,1.35871990575409,3.64865340317712,-1.3636264772533,6.15193312454366,3.59990791222163,4.57660152023153,4.77614751899894
"TCGA-67-6215-01A-11R-1755-07","LUAD",0.28159851509298,1.92108196517367,9.75749099118249,-0.29635561754588,2.28349331747111,-1.46508374038513,3.91846644217681,2.92518128216792,3.03193085824108,3.2918595275286
"TCGA-62-A470-01A-11R-A24H-07","LUAD",1.02761227652894,0.949565569181683,8.96346304713464,-1.67028678576169,2.68375724933573,-1.24018862025542,4.0790715052559,3.21988423751664,2.91006775966979,3.40300783414744
"TCGA-69-7973-01A-11R-2187-07","LUAD",3.41648229999069,2.66692733103001,9.60892626044196,1.00338523694678,2.14850535273168,-1.09148316650362,3.98743297742634,2.32556225881353,3.96435467297064,3.42578330307017
"TCGA-55-6543-01A-11R-1755-07","LUAD",1.39777472107569,2.07479215089248,10.0521802818712,-0.0310471715540225,4.01227840363457,-0.243310280131281,4.80739273358376,3.8095229343008,4.33490311468243,4.31727292752233
"TCGA-55-7815-01A-11R-2170-07","LUAD",2.00684456435289,2.99978219289285,9.70918013945585,-0.457471515696725,3.83983921021051,0.164487898694489,6.08421106415786,5.24295326136849,5.27803714426995,5.53506715659877
"TCGA-78-7147-01A-11R-2039-07","LUAD",2.9426504464043,2.29157895677501,12.0935913335733,1.51333227646334,2.14449702781298,0.882772764184682,6.63566473694428,6.06001590861239,5.96594585934533,6.22054216830067
"TCGA-78-7148-01A-11R-2039-07","LUAD",3.42742096999686,3.41181023482958,10.7806995923762,1.39182088459504,2.11965872526973,1.37783222906485,5.4043730555694,3.99941203293155,5.876148445104,5.09331117786832
"TCGA-4B-A93V-01A-11R-A39D-07","LUAD",1.97192160826333,4.24247987613887,9.46108434747532,2.20182548881562,5.70015438692511,-0.677341738047234,6.36338521861997,3.46843826679661,5.8110775653378,5.21430035025146
"TCGA-35-3615-01A-01R-0946-07","LUAD",2.33119200826189,2.31806427931034,10.3704259561961,0.971631757939994,2.20610468000141,0.435497972983216,4.65178148976263,4.36538683631372,4.516663182155,4.51127716941045
"TCGA-86-8668-01A-11R-2403-07","LUAD",1.96883640322621,1.97744456224117,9.96658399352035,2.11199530782712,2.98924799722563,0.8747072421746,5.90886388968634,4.07911400494414,4.98662277416325,4.99153355626458
"TCGA-50-5941-01A-11R-1755-07","LUAD",4.35370378033503,4.63792048400299,12.4555539509628,3.34273036462578,4.91548503603236,2.16055261431828,8.92922137031716,7.08063451019011,6.74712177482133,7.58565921844286
"TCGA-62-A46V-01A-11R-A24H-07","LUAD",-0.876196557687971,0.0988662157374092,9.34271811692002,-0.956120685153977,2.30242911329776,-1.37276578511853,2.93913842094339,2.33975513107721,2.76714473221703,2.68201276141254
"TCGA-97-8175-01A-11R-2287-07","LUAD",0.754496665724781,2.29848908150539,11.1991757074859,0.757376977204447,4.76524262019251,-0.454409500454895,3.65091016725722,4.24407226300806,4.01324147043283,3.96940796689937
"TCGA-69-7978-01A-11R-2187-07","LUAD",4.13930409502675,4.67947845688608,11.6211582060553,4.0442775289947,6.14635260203083,2.2064356887592,7.90299138360106,6.51413833367381,6.74135035470405,7.05282669065964
"TCGA-05-4250-01A-01R-1107-07","LUAD",4.38799092693436,4.80104911984877,11.5707404420621,4.08016775149896,5.71208343559905,2.04971794132636,7.48997925342406,5.41480535193191,6.17474279891817,6.35984246809138
"TCGA-50-5044-01A-21R-1858-07","LUAD",3.42217178997826,4.46793504846515,11.7854678834661,2.64610377649403,5.80635789593263,0.488578361800952,6.14575282051922,5.29491310058444,6.65153768046675,6.0307345338568
"TCGA-49-4510-01A-01R-1206-07","LUAD",2.22042899712844,2.43891683871965,10.6051201853563,0.226669242665097,2.31346360945823,-1.1337547336616,3.88343125983515,2.6585145976493,4.12467662265778,3.55554082671408
"TCGA-44-2665-01B-06R-A277-07","LUAD",1.0191468361557,0.808204397795601,8.70510021589661,-0.654899334122629,4.99574179845286,-1.56384963127409,4.91286320443682,3.67884851022635,3.02784226249796,3.87318465905371
"TCGA-44-2665-01A-01R-A278-07","LUAD",1.13650871867156,1.57221064329417,10.3484826667054,-0.353451025986973,4.83284260502621,-0.645603320510566,2.68937370163198,3.82523235696072,3.14042229719957,3.21834278526409
"TCGA-44-2665-01A-01R-0946-07","LUAD",1.19973339091359,1.87458486034261,11.1051610770791,0.778640685918964,4.37038413046478,-1.87353102607461,3.54268985232151,3.02905167210918,4.00152616000353,3.52442256147807
"TCGA-MP-A4TK-01A-11R-A24X-07","LUAD",2.57393028920106,2.62653541625187,10.1282669527371,2.34812188825412,2.89374326826302,-1.21278948260121,6.18500519354156,4.68271986401002,4.96465507656747,5.27746004470635
"TCGA-78-7146-01A-11R-2039-07","LUAD",2.16741786292654,2.76433005015891,9.55475363958978,3.08712745260776,4.32467116355237,0.365506481168516,5.65523295722684,5.16168983665612,4.76325569625418,5.19339283004571
"TCGA-44-3398-01A-01R-1107-07","LUAD",2.81153325462676,3.7739662753027,11.2865003639654,0.693569700198966,4.8779373202915,0.027894347782012,4.29842329343065,4.40588062562794,4.94649363543972,4.55026585149944
"TCGA-64-5774-01A-01R-1628-07","LUAD",3.46500858244573,1.88452433879773,9.53420934366908,1.05621808555603,2.36081956096815,-1.57446849618021,3.70986455751376,2.88775423269066,3.21775800336241,3.27179226452227
"TCGA-55-6987-01A-11R-1949-07","LUAD",4.94668008504861,5.94886562108623,11.1762238918205,3.19027814755662,5.12072533341524,3.39257315986736,7.86601756317979,6.25406218848692,7.79714719459901,7.3057423154219
"TCGA-93-A4JP-01A-11R-A24X-07","LUAD",1.21465309247622,1.70790279892566,11.230847875253,-0.468623306068181,3.70244905441493,-0.569198611162638,5.30462484988736,5.47425043162523,5.8985298373045,5.5591350396057
"TCGA-S2-AA1A-01A-12R-A39D-07","LUAD",3.17922741266366,3.63233501391869,10.8333573646853,2.36250298801287,2.9635914142645,0.550263544948606,6.96200293517433,4.87446502243934,6.16336927766583,5.99994574509317
"TCGA-55-8299-01A-11R-2287-07","LUAD",4.84416899163629,5.96729154252956,11.2868624378564,2.85127449262519,4.72341345767457,3.02150954457654,7.51012153052405,6.18561685330892,7.78988826391246,7.16187554924848
"TCGA-MP-A4T4-01A-11R-A262-07","LUAD",4.43434229472369,4.77190246899184,11.6005148143258,3.47358873098042,6.18582074252719,2.69095013012918,8.50230929638892,6.53044898239816,7.37635707608633,7.46970511829113
"TCGA-97-A4M6-01A-11R-A24X-07","LUAD",2.60607696858168,2.76971387986243,11.2457620585808,2.56029838469722,3.69833916353883,1.11257999774879,6.73546298190294,4.34874277247742,5.58922642377837,5.55781072605291
"TCGA-44-2655-01A-01R-0946-07","LUAD",1.58377835458652,2.09568665388018,11.1882601559717,0.864734770531486,2.19613480208831,-0.456642283733053,4.02057967604528,2.57758202699804,4.7446705412428,3.78094408142871
"TCGA-50-5930-01A-11R-1755-07","LUAD",3.47931387802761,3.86178822147293,10.4021155013705,2.14879812565321,2.1288098143372,-2.6134464037334,6.47480597701521,4.2722227810108,6.27332226200642,5.67345034001081
"TCGA-95-A4VN-01A-11R-A262-07","LUAD",4.1016338607627,5.00092072691102,10.7826628009398,3.02485969124304,7.49918683514333,1.63423290501134,7.87561334603328,6.66045764846497,6.52109711020321,7.01905603490049
"TCGA-86-8055-01A-11R-2241-07","LUAD",1.75504007751295,2.35512340084481,10.5376170469125,0.888025948966034,3.41094403952533,-0.688868103845519,5.51572205605864,4.8135864452749,3.98878305577086,4.77269718570147
"TCGA-95-7567-01A-11R-2066-07","LUAD",2.93339831970806,3.51360010996768,10.3692904563725,2.1372014216817,3.67611036107764,1.47662878681076,7.02085146365486,5.88722856924325,5.9595950754353,6.28922503611114
"TCGA-93-8067-01A-11R-2287-07","LUAD",0.949841842857726,3.24467400750868,10.7105829193837,0.97333396384243,2.2790218383652,-0.229576905720227,5.35909920587481,4.42412197050439,4.6297554028301,4.8043255264031
"TCGA-44-3396-01A-01R-1206-07","LUAD",3.81747603556557,3.97496699543493,10.7956162281509,2.68305705489751,5.1334326174443,-0.290146562093484,7.09692209500649,6.08915452757369,6.01514458041212,6.4004070676641
"TCGA-05-4418-01A-01R-1206-07","LUAD",3.68676823512826,4.31808090427398,11.4029225610084,2.60608266941127,4.11976503007426,1.08105363851421,7.02623972502594,6.17152984066712,6.27115933311959,6.48964296627088
"TCGA-05-4430-01A-02R-1206-07","LUAD",2.67262897231496,3.53953493649772,10.306638357091,1.14421924992553,3.37265565525404,-0.110832329439173,5.71683045996107,5.11392811733581,5.0826802158792,5.30447959772536
"TCGA-55-A4DG-01A-11R-A24H-07","LUAD",2.99417557313568,2.34319959956099,10.4032036955078,1.40282767449687,2.55884038431316,-0.63558460668045,6.05269804771201,4.2226354644797,4.98077250123721,5.08536867114297
"TCGA-O1-A52J-01A-11R-A262-07","LUAD",1.13546550087622,2.68760083064271,11.5100857502127,1.45638770032017,2.87384305768898,-0.860073295348715,4.24834411451764,1.75987155357395,4.32529582496452,3.44450383101871
"TCGA-49-6745-01A-11R-1858-07","LUAD",3.77543198466888,3.87425570013569,10.7061971708533,2.39700752792084,6.84031441259843,1.00959423759184,6.61976625467927,5.21390752176939,5.91608618391317,5.91658665345394
"TCGA-44-2656-01B-06R-A277-07","LUAD",4.14097965340737,3.1891757554627,8.7048663238969,0.83043870798723,6.18870591371773,1.40416830554596,8.1047904925055,5.78922497822429,4.88372533338985,6.25924693470655
"TCGA-53-7813-01A-11R-2170-07","LUAD",3.91294064283922,4.06157839879641,10.0094513251552,0.232561932657123,2.55667214779879,2.24791084158823,4.43735558518831,4.24178328776271,6.04640707838068,4.90851531711057
"TCGA-62-8402-01A-11R-2326-07","LUAD",4.64127066337776,5.38888835280297,12.1611888082231,2.36160096987982,4.74961331569106,2.45910004734942,9.11209645164276,7.79190999378715,6.41435533413061,7.77278725985351
"TCGA-78-7535-01A-11R-2066-07","LUAD",1.02354877553995,2.08181701625032,9.40854863056481,-0.008118715491135,1.84041865205422,-1.09903921970384,0.110334954531717,0.843372056969967,4.32464074780788,1.75944925310319
"TCGA-86-8075-01A-11R-2241-07","LUAD",0.712369682429374,1.76678424003977,11.066713353013,0.748029573694118,3.81879444319389,-1.20080595889938,3.49402629022821,4.78645995873519,4.02641185565876,4.10229936820739
"TCGA-55-8510-01A-11R-2403-07","LUAD",3.52515281679123,3.54979685045482,11.4946631459065,2.96520235212273,4.50134381288331,2.06023098266044,6.94659393795752,5.44979900124648,6.10362380248447,6.16667224722949
"TCGA-86-A4P7-01A-11R-A24X-07","LUAD",3.34263994866195,3.52631923805925,10.0446779196986,2.33886256515652,3.07217178867752,1.18228946581621,4.10046024319693,3.17144839244335,5.66138374197006,4.31109745920345
"TCGA-99-8028-01A-11R-2241-07","LUAD",4.92040760642059,5.60827631326956,11.7714701786082,3.73299375219472,5.71538011421119,1.54942730322354,9.14056651320189,7.19476950815363,7.83139892675279,8.0555783160361
"TCGA-49-6743-01A-11R-1858-07","LUAD",2.35652357078674,3.17758209704946,9.50414992382357,1.17326727073506,4.09637859321225,-0.213841556749427,6.06134544730803,4.28858740306015,5.2488749750618,5.19960260847666
"TCGA-86-7711-01A-11R-2066-07","LUAD",2.63218025063353,3.75617858037286,9.96738055805922,1.69671373829744,3.30029406353983,0.736057947896209,5.062934125342,4.99252997188353,6.2813259614035,5.44559668620968
"TCGA-91-6847-01A-11R-1949-07","LUAD",0.974545479036335,2.19879857877684,9.17252495742752,0.888092613363801,2.52484617024411,-0.56440242074043,4.8504082321298,4.72354953487615,3.57449742735219,4.38281839811938
"TCGA-MP-A4TC-01A-11R-A24X-07","LUAD",2.60221592296123,4.02143513464073,11.2782815442519,2.68297171954652,5.82351810047996,0.682751223315969,7.93244921603466,6.28507517280235,5.77983732657552,6.66578723847084
"TCGA-L9-A743-01A-43R-A39D-07","LUAD",3.66125240752574,4.00674939616408,10.9276471983938,3.40113142474416,4.21181681550738,0.0353845833031119,6.94427624001523,5.07025471226041,5.8284811899629,5.94767071407952
"TCGA-64-5815-01A-01R-1628-07","LUAD",1.57867175746603,2.41313179608259,10.8310887574889,0.840763971174507,3.67302554798218,-1.21698752518127,4.37335675501942,3.86618496949208,4.132380223224,4.1239739825785
"TCGA-97-7941-01A-11R-2187-07","LUAD",2.1847902901347,2.47168823205587,10.7747078514019,1.00806194392852,2.09376535255517,0.536502771110272,4.92298459736422,2.66754394113754,5.13263406747903,4.2410542019936
"TCGA-73-4675-01A-01R-1206-07","LUAD",1.04406517167058,1.44699076710976,9.09451151740277,0.293374320973679,0.716710837572273,-2.36130543016892,1.26044772868349,0.561946706025746,3.67830859625856,1.83356767698927
"TCGA-95-7039-01A-11R-1949-07","LUAD",2.61332366378528,2.67227212611105,10.45559048726,1.56608150779191,4.07857050551808,-0.57400987904047,7.024181006999,4.46842579292513,5.34166876460516,5.61142518817643
"TCGA-78-7152-01A-11R-2039-07","LUAD",3.17810796091631,3.20605010667016,10.4621623700424,1.94550316443118,2.03205411217581,0.556065998204908,5.61903761073434,3.6894437383958,5.912765841444,5.07374906352471
"TCGA-50-6673-01A-11R-1949-07","LUAD",0.455136830895791,1.55464716857581,10.5187535330742,0.0746763607232516,1.9466911327103,-2.16507227319592,3.7692579610496,3.2883201229135,3.10472846703075,3.38743551699795
"TCGA-55-8097-01A-11R-2241-07","LUAD",1.75489669713966,1.57497883728094,9.47905369935698,1.23361628631063,1.89246537434402,-0.821511995027402,4.31172045463829,2.22857678196568,4.32616275035927,3.62215332898775
"TCGA-73-4668-01A-01R-1206-07","LUAD",1.8046646071187,1.54546759706246,10.5816519766549,1.04697058940173,2.76529697597026,-1.33968467404745,5.10340500044496,1.83450858538112,3.7053235286404,3.54774570482216
"TCGA-MP-A4TE-01A-22R-A466-07","LUAD",0.673692903735971,1.45097764862315,9.44931111758829,-0.902202552744782,1.39069526100947,-1.02859318925819,0.668827130162191,-1.16712909509448,3.14373813130844,0.881812055458716
"TCGA-97-8547-01A-11R-2403-07","LUAD",0.0626496198805743,1.61155645077981,10.3413063052903,0.217885000746878,3.61795479750688,-1.67442671836556,4.03477123378581,3.31212938328521,3.04138968544007,3.46276343417036
"TCGA-67-6216-01A-11R-1755-07","LUAD",2.86170100116161,2.52267594152764,10.9676027492088,1.73360307441969,3.90539691848044,-0.0411235954932919,4.22547311654764,3.11931702687292,5.35603864719359,4.23360959687138
"TCGA-97-A4M1-01A-11R-A24X-07","LUAD",2.04317285008284,2.76579936040005,10.8275435615166,-0.0935920622833828,3.23991681589552,-0.0935920622833828,4.09762913291586,2.8880338707338,4.88102036472926,3.95556112279298
"TCGA-44-6779-01A-11R-1858-07","LUAD",4.66863012427876,5.29738387949402,11.950013998263,3.0220738627587,4.57736851450827,2.36135465431807,9.0077612743105,7.52498600250781,8.05708791874492,8.19661173185441
"TCGA-73-4659-01A-01R-1206-07","LUAD",0.972546858010831,1.83264911320217,9.96249641951394,0.275747062547662,2.94522414327834,-1.30670079305576,3.18794364414529,1.9826928580305,3.18154661593908,2.78406103937162
"TCGA-64-1681-01A-11R-2066-07","LUAD",0.689876748829821,2.0553311080863,11.6594259814154,0.936172611071088,2.57027468628329,-2.8285186556248,5.98814836347682,4.48266225083161,6.19542751069108,5.55541270833317
"TCGA-50-5055-01A-01R-1628-07","LUAD",4.68504390065127,4.35391939835307,11.5804862940042,3.60077578313647,2.71566638578931,1.58902608538352,6.93498277590432,5.69121840292087,7.36285069523032,6.66301729135184
"TCGA-78-7160-01A-11R-2039-07","LUAD",4.18874214651508,3.96928216650369,10.4617160926241,2.36112950255358,3.60546453209723,1.45880746923891,7.70858395148568,5.60493252416739,6.41355971761608,6.57569206442305
"TCGA-55-6980-01A-11R-1949-07","LUAD",2.25013684826008,2.43066757694797,11.9399917686796,1.66259124270062,3.75495555898535,0.167258564421601,5.62854372980497,4.6892005393887,5.54683948775297,5.28819458564888
"TCGA-55-A48X-01A-11R-A24H-07","LUAD",2.9617681249662,3.35735566376168,11.2991462540806,2.81639328085221,3.32388642290756,0.293015339992978,6.2488167613661,3.91551891092471,5.77869624351601,5.31434397193561
"TCGA-55-6982-01A-11R-1949-07","LUAD",2.19483448575364,2.6917102466804,12.0648905081349,1.91885589432657,3.51825527884225,0.72719546664465,6.80888635769687,5.88968200451159,5.21278845254433,5.97045227158426
"TCGA-75-6214-01A-41R-1949-07","LUAD",1.64975543579664,1.54597282486832,11.7072880172867,0.113357213288015,3.89993095640396,-0.793711319729771,3.81622485624162,4.0959536202286,3.47286879872664,3.79501575839895
"TCGA-MP-A4TD-01A-32R-A262-07","LUAD",1.66290082645499,2.08570167693389,9.84633051100141,1.59276802139956,1.68084748738301,-0.439034525242414,3.71164887049209,1.91679156597254,4.89268164589549,3.50704069412004
"TCGA-05-4426-01A-01R-1206-07","LUAD",1.35317678522363,1.56195083600554,11.1660251404988,1.46530219980576,5.1617543256341,-0.0582823148027052,3.33110215674248,2.86921920128407,3.87737232850342,3.35923122884332
"TCGA-69-7974-01A-11R-2187-07","LUAD",2.61329874705435,4.24051090840006,10.3532443028476,2.20070307591139,5.63551805963977,1.07869768666233,7.51427938546084,6.63451670226338,5.79036299651058,6.6463863614116
"TCGA-44-6775-01A-11R-1858-07","LUAD",1.71925767227717,2.16789559878701,10.7159178384184,1.00532107288143,3.4520449933386,-0.908121036134209,4.70301188036429,4.41195126613456,4.45373458598962,4.52289924416283
"TCGA-69-8253-01A-11R-2287-07","LUAD",1.42710029478295,2.13660822305291,9.70848622615689,0.694228000602591,1.96001408150423,-1.6838508202178,3.79895039142673,0.883841561315352,3.81796403875976,2.83358533050061
"TCGA-64-5781-01A-01R-1628-07","LUAD",5.26968934822531,6.18527682236566,12.0106147436848,3.00984312714556,3.77729153282733,2.85732321425052,7.09919851628513,6.00107069560522,8.59181793385352,7.23069571524795
"TCGA-93-A4JO-01A-21R-A24X-07","LUAD",3.61160038846368,3.80889515697229,10.3145616685392,3.00934485222134,3.70884127623314,1.02792053758125,6.97610002334189,5.07576813172923,6.203581924458,6.08515002650971
"TCGA-55-8506-01A-11R-2403-07","LUAD",2.17936160786975,3.46579865269068,10.2904852045445,1.95086608235234,3.63722125137596,-0.229935790575966,6.13020613741586,5.30608643569959,5.09237202727226,5.5095548667959
"TCGA-44-7672-01A-11R-2066-07","LUAD",3.21248772779748,4.77270548158689,11.8612407989342,3.2281066372077,4.29889453164058,1.32250388219865,7.24251847513559,5.64506753484958,5.96533790996855,6.28430797331791
"TCGA-44-2656-01A-02R-0946-07","LUAD",5.18544275843329,5.1881088430996,11.0849019813968,3.05751520056823,5.81756873370032,1.78387821390622,8.45700914583995,6.65737930530346,7.46824665351775,7.52754503488705
"TCGA-55-8091-01A-11R-2241-07","LUAD",1.3230662841349,3.28907758290091,10.7862694862824,1.35495202903028,5.17062825278459,0.88438560068374,7.22312869924098,5.45772148703766,5.30900572706586,5.9966186377815
"TCGA-05-4420-01A-01R-1206-07","LUAD",2.01009414794803,2.54146402289813,10.0535760226369,0.151279142603738,1.11589903513247,-1.55745320489346,2.59602434832749,2.04670255208975,3.36080923849774,2.66784537963833
"TCGA-49-4514-01A-21R-1858-07","LUAD",3.39421347171535,4.54040089928235,10.5402707989445,2.67189855973236,1.60629192096265,1.52724142766252,6.83654063583156,4.70357225497489,6.90311867474559,6.14774385518402
"TCGA-55-7913-01B-11R-2241-07","LUAD",1.34779423318738,1.71283562369,9.41921574260089,0.495543787588196,0.984714610545606,-0.71206781327825,4.79298822862697,4.22904412243992,3.52746624470345,4.18316619859011
"TCGA-55-7283-01A-11R-2039-07","LUAD",2.75084885510863,3.39636479579393,10.4782051750626,1.28497881736282,2.76158331527701,1.01011049392597,5.54041507828085,4.30511545609643,5.91919069008352,5.25490707482027
"TCGA-78-7154-01A-11R-2039-07","LUAD",1.78668959148729,3.01667102043094,9.84493148542832,0.759058523570055,2.11744397703133,-1.03834488358279,5.63601391458081,4.90793081616147,4.75670814605647,5.10021762559958
"TCGA-49-4494-01A-01R-1206-07","LUAD",3.69890673384202,4.04556164803438,11.4098851739167,1.60166623627632,3.68926891809411,0.132380927582435,6.19479211687838,7.46053075690122,5.84336546317311,6.49956277898424
"TCGA-55-6969-01A-11R-1949-07","LUAD",3.42894597024092,4.68207014473063,11.0057470050327,3.06574496829496,3.65090843514404,1.34446900780911,6.83221703395676,5.93027422206303,6.42283523339079,6.39510882980353
"TCGA-44-2662-01A-01R-0946-07","LUAD",0.901142835028827,2.81496491402495,9.58188999922708,0.922327407346168,5.69600496752824,-0.953679028134585,5.6008390306685,5.28035629887502,4.55817767427341,5.14645766793898
"TCGA-50-6593-01A-11R-1755-07","LUAD",1.03717092624256,0.944327230164789,10.0423527984161,0.0589849490361378,4.08906375519353,-2.4400045991963,3.88091497220951,2.66855473613,3.72749542945158,3.42565504593036
"TCGA-44-2666-01A-01R-0946-07","LUAD",2.37184537706799,1.83457566810172,10.2042010020537,0.112611227421473,4.08019986982165,-0.716568606512621,2.16990828628439,1.34844101868495,4.21113750343828,2.57649560280254
"TCGA-44-2666-01B-02R-A277-07","LUAD",1.90002802378227,0.594115094254802,7.90388481126002,-0.867399213145181,3.84371502461555,-1.48156812846118,0.980679449886388,0.859995224033127,2.05616521829605,1.29894663073852
"TCGA-78-7155-01A-11R-2039-07","LUAD",2.41675050169605,2.71482102422644,7.94998248594427,0.499470806960258,2.20346140949682,0.118401471660984,7.21654482666337,4.47490068903084,4.41966262404726,5.37036937991382
"TCGA-J2-A4AG-01A-11R-A24H-07","LUAD",2.64416134773729,3.41001038795738,10.0800111253512,1.56616838838742,3.53209587342578,-0.36276714053666,4.52633805708699,3.71893894650131,5.18885063793855,4.47804254717562
"TCGA-97-A4LX-01A-11R-A24X-07","LUAD",3.84443172022091,4.00404865712166,11.5793806911502,4.27224547189989,5.0972894911352,2.64644989371364,8.25990657599739,6.27981116241552,6.5446977844356,7.02813850761617
"TCGA-96-A4JK-01A-11R-A24Z-07","LUSC",1.9732668316694,3.9640876855532,10.1487785203908,2.03846541440863,2.45385328455605,0.472454831784928,6.38950895816369,4.36005610925107,5.62895665072362,5.45950723937946
"TCGA-43-3394-01A-01R-0980-07","LUSC",2.47457256730432,1.25362049079662,9.17966632884568,-0.490062968482343,4.06921795331713,-1.61442752672923,2.65541751298423,2.03572876510505,3.07930996274066,2.59015208027665
"TCGA-85-A4QQ-01A-41R-A262-07","LUSC",1.05823046208182,2.22446987583218,8.72984762847735,0.16226663069989,2.39241912584398,-1.30309970719735,4.25337874790054,2.71584921158118,4.24022941470886,3.73648579139686
"TCGA-18-3419-01A-01R-0980-07","LUSC",3.31175388393935,4.51208155925378,9.09311348845729,2.22163233319877,3.53657569985989,1.23319892134334,7.14650176379551,5.53607066979371,5.13928794268613,5.94062012542512
"TCGA-O2-A5IB-01A-11R-A27Q-07","LUSC",1.07693525439297,0.185936349165999,8.28149624411507,-0.394243396567522,0.889110173639978,-2.88230121282666,4.27313362123127,3.43484648358176,2.53294330299774,3.41364113593692
"TCGA-51-4079-01A-01R-1100-07","LUSC",2.63593237671512,3.48064819639221,10.4239892439041,1.45853714672305,5.52347068094498,0.0331902385117379,6.22632917026353,5.68939463779903,4.96872932269233,5.62815104358496
"TCGA-52-7809-01A-21R-2125-07","LUSC",2.9628485018086,2.40487399442971,9.16280063051036,1.50810881406245,1.60964631604047,-1.49183716510245,3.88256250430543,3.24717140030444,4.06762820911305,3.73245403790764
"TCGA-22-4596-01A-01R-1201-07","LUSC",3.46113582693768,4.23453152553227,10.3186504721812,2.86383146624484,5.78760679901872,0.796745641760367,7.34970105719246,6.01233867620915,5.67265349431919,6.3448977425736
"TCGA-66-2790-01A-01R-0980-07","LUSC",4.6269184408363,3.72281603931251,10.3413385669181,3.35996807811302,2.89220956612412,0.585839689478492,7.18345572866732,8.26874240509286,6.26750854847853,7.2399022274129
"TCGA-37-A5EN-01A-21R-A26W-07","LUSC",4.49449097762555,2.42527188378874,9.62461063523906,1.41241167781926,3.35940295353217,-1.43694156725613,6.39721676480482,5.04601162271219,4.62888465678559,5.35737101476753
"TCGA-58-8388-01A-11R-2326-07","LUSC",3.12733505694653,3.35387815637621,10.0141468247674,2.88553173158864,2.73071566318207,1.13021238320658,6.54442256522885,5.27579759046654,5.16089049962437,5.66037021843992
"TCGA-85-A4CL-01A-41R-A26W-07","LUSC",4.06026148622463,5.56159276336654,9.68364676507511,3.51571769900878,3.00694745650526,1.9111909391722,8.38197622928964,5.41219313220025,7.39725241926299,7.06380726025096
"TCGA-63-A5MM-01A-11R-A26W-07","LUSC",3.64042642148479,5.27601763108102,11.9051616910709,2.77375527985485,6.29139275317425,1.4700935133113,7.59553814383722,7.05552889105888,6.15119297326773,6.93408666938794
"TCGA-85-A4QR-01A-11R-A24Z-07","LUSC",1.54005665453551,-1.14701172944272,8.78995787430417,-2.76340320719264,2.74614338664882,-4.73523970346856,-1.73264313058562,-0.434742748048955,1.38142678998767,-0.261986362882302
"TCGA-39-5035-01A-01R-1443-07","LUSC",4.67484878706855,5.52476329618742,11.2805078720089,2.71493397532391,7.37840466501475,1.03573428553342,8.2079176418377,7.04572313879205,7.55268687793377,7.60210921952117
"TCGA-98-A539-01A-31R-A262-07","LUSC",0.530285641766984,1.94696301304305,9.04732371739782,0.261557250613916,3.16824889826321,-3.64798590978116,2.0837496913812,2.0909173704764,3.34950731953123,2.50805812712961
"TCGA-56-7582-01A-11R-2045-07","LUSC",2.03397922268531,2.37546932462893,8.77309198434204,0.125379883577707,3.48826525473649,0.125379883577707,6.38751363218567,4.82399546364928,4.77858303149397,5.33003070910964
"TCGA-85-6561-01A-11R-1820-07","LUSC",3.99460810463237,4.28243851475924,10.063766517302,2.89963908726452,5.0553974963829,1.46797673088153,6.57792068267536,4.97965573857943,6.08024858832525,5.87927500319334
"TCGA-51-4080-01A-01R-1100-07","LUSC",0.846342883465774,1.23653873358841,9.26116360394527,-0.683510254729079,3.5384330766387,-1.84440678422468,4.52212144548141,3.61337547501561,3.01637567253094,3.71729086434265
"TCGA-NC-A5HM-01A-12R-A26W-07","LUSC",2.25480543733093,3.56514353551848,11.840979843401,0.747081487965622,4.05946181748566,-0.377789185065792,5.77321688661025,7.80198500755398,6.00069104513317,6.52529764643247
"TCGA-46-3769-01A-01R-0980-07","LUSC",3.86539357891544,3.50148861332518,11.6352825602387,3.12235882653625,4.18727303166387,0.342788030006797,7.12289878487052,6.90204999108053,6.21938406099039,6.74811094564715
"TCGA-56-8083-01A-11R-2247-07","LUSC",2.81385044075119,-0.868899539170912,8.13721925420448,2.79374307484095,-0.352664664145434,-4.10145547130474,0.612331474763114,0.182973361635264,0.927155716032493,0.574153517476957
"TCGA-85-8277-01A-11R-2296-07","LUSC",2.29466459800853,3.86105359362024,9.44890375262225,1.56705526628885,6.66568816241476,0.455444382490424,5.91021211171076,4.79741730374144,5.77846351892258,5.49536431145826
"TCGA-56-5898-01A-11R-1635-07","LUSC",1.82068680431017,2.62855435043985,10.1860719345405,0.446282425202501,2.77953020282599,0.530132645950245,4.93708009220607,3.58288687650614,4.91775163329959,4.47923953400393
"TCGA-34-5232-01A-21R-1820-07","LUSC",2.98332494769464,3.51725337691824,10.4310009977703,2.65953081471479,3.01583640346244,1.01759387743661,6.20859593289231,5.41889056692113,5.8906325043844,5.83937300139928
"TCGA-34-5241-01A-01R-1443-07","LUSC",3.4683026648445,4.65810736529542,10.989267753624,1.5474351383514,2.888952745232,0.819769859633974,6.04193791213149,6.56677130522993,6.22073164745708,6.27648028827284
"TCGA-63-A5MS-01A-11R-A26W-07","LUSC",2.79997499111096,3.1726770086288,10.4705224155689,2.01353296561149,3.14784057122837,-0.572415693154075,7.2416964330933,5.22634670486236,5.15100500289619,5.87301604695062
"TCGA-60-2725-01A-01R-1201-07","LUSC",4.20606754622814,4.21541385049426,10.4447330798691,2.60693006050082,5.34414594116434,1.35347228751825,6.62422090359934,6.65286523700762,7.35252474448074,6.8765369616959
"TCGA-NC-A5HJ-01A-11R-A26W-07","LUSC",4.35909254312654,4.97076550414899,10.649731741745,2.56017533250548,7.57841031665248,1.93491179189842,7.55372694001386,5.16201608706019,7.03161441772786,6.58245248160064
"TCGA-56-A4ZK-01A-11R-A262-07","LUSC",2.67661939512497,3.69493390078835,9.32581415445619,1.52746130749461,5.85861005108261,0.518664512695018,8.36348078244219,6.1870003661031,5.93807600969179,6.82951905274569
"TCGA-63-A5MG-01A-12R-A27Q-07","LUSC",1.48802545781639,2.79268208921766,9.14076054159109,1.79100927685349,2.74683770327063,-0.925362125091866,2.39777059451589,1.97273760247049,3.88089103930774,2.75046641209804
"TCGA-21-1082-01A-01R-0692-07","LUSC",2.75149328206825,3.1196426021938,9.52709706667608,1.27631930659467,2.15477992756871,-0.394724668345432,6.29970973330873,4.3811387257963,5.25694333494593,5.31259726468365
"TCGA-68-A59I-01A-11R-A262-07","LUSC",2.64486340679754,3.167898340281,9.25731561908284,1.90970974220907,3.40771371055756,-0.362885334603817,3.87224274631397,1.96832587971136,4.63399223547358,3.49152028716631
"TCGA-70-6723-01A-11R-1820-07","LUSC",1.76053634486629,2.69975203945243,10.4830233025034,0.804953943231446,1.47135245355275,0.196357421144582,4.47954045291694,3.27526596521907,4.64639676684176,4.13373439499259
"TCGA-98-8021-01A-11R-2247-07","LUSC",1.42652884749585,2.62527030545394,8.96087458992045,0.559841653788991,1.3088390098371,-1.01859597796611,4.12210204449718,3.66595853460974,4.19216328407084,3.99340795439259
"TCGA-22-1011-01A-01R-0692-07","LUSC",2.82002353606183,3.4861643213673,9.96931578384024,2.51579814130723,3.47640532259569,0.517959918065804,5.47477768726984,5.12847461106955,5.64344152770524,5.41556460868154
"TCGA-58-8386-01A-11R-2296-07","LUSC",1.44677004187961,2.84825314817456,10.0316236132263,0.940140696995615,3.71095308227523,-0.14503294087662,6.01483023076218,4.42412488475408,4.40541320280594,4.94812277277407
"TCGA-21-1076-01A-01R-0692-07","LUSC",3.2800462886523,3.81662559844888,10.6564390874975,2.76375012801789,4.21635128013937,0.141673021389322,7.57570472123059,6.17214242031332,5.93331660446796,6.56038791533729
"TCGA-NK-A5CR-01A-11R-A26W-07","LUSC",-0.194061675596555,0.754851275535366,7.83900854145287,-1.63966530929193,4.90033186625634,-3.77658947564312,1.6895844198054,1.59124769675348,2.71268900576491,1.99784037410793
"TCGA-60-2708-01A-01R-0851-07","LUSC",0.379749561615679,1.58349238639815,9.16986005812595,-0.509251448862915,4.5554190757147,-3.61032709650811,2.03361719285142,1.45525435656405,4.62576347625725,2.70487834189091
"TCGA-77-8153-01A-11R-2403-07","LUSC",0.67884535636733,1.87678693878713,7.76449768526637,-0.00773635082849193,3.35590299994853,-2.06466936816227,3.27937669888667,1.48960350001985,3.2605418323543,2.67650734375361
"TCGA-33-4547-01A-01R-1201-07","LUSC",1.99896345769648,2.01809662243324,9.46844323230123,0.429202402369359,1.77955869263877,-1.47377748828148,3.19569610138544,2.32415917761032,6.0852114242825,3.86835556775942
"TCGA-85-8052-01A-11R-2247-07","LUSC",1.44526590496988,1.75529031222489,9.30063058447061,1.26063397117288,3.92503818617665,-1.75629765141342,2.61910968781937,1.92038591350128,4.10915755532288,2.88288438554784
"TCGA-21-5784-01A-01R-1635-07","LUSC",3.26313999658826,4.35882287526581,11.0442968397533,1.24158645269722,2.49442011148346,-0.058931492938724,5.38537804835423,4.65384888060623,6.44185923796321,5.49369538897456
"TCGA-NC-A5HQ-01A-11R-A26W-07","LUSC",2.39509707612375,2.993194463709,9.56427036060247,1.38049561307697,6.51302477226227,-0.361338980523455,3.84655803976125,3.10181224389671,5.36908229836865,4.1058175273422
"TCGA-22-4609-01A-21R-2125-07","LUSC",3.89365544524667,4.40660384008457,10.156879362276,2.52562813922678,4.4343997948231,1.06619473090193,7.33635974403387,5.27910159274318,6.00801892488546,6.2078267538875
"TCGA-66-2727-01A-01R-0980-07","LUSC",2.30625725562232,3.51699841515313,9.87840151705153,1.15292811611124,6.33941164569903,0.613198457574901,5.9247001206194,5.63598663825898,4.88423550961109,5.48164075616315
"TCGA-66-2754-01A-01R-0980-07","LUSC",0.83588437207232,2.30052487014185,8.25292146100826,-0.776969058330499,1.38674761750582,-1.07587812229588,3.8856529613845,3.84237225789042,3.52412953245574,3.75071825057689
"TCGA-94-A5I6-01A-21R-A27Q-07","LUSC",0.196689264210679,1.39198607254542,8.74139633519423,-0.769300400457452,4.20352503163728,-1.72760014349632,3.72213529506927,3.16780275496453,3.11797478447631,3.3359709448367
"TCGA-85-A50M-01A-21R-A262-07","LUSC",0.98123528105883,2.00241968881496,9.07710558496247,0.251366807141185,4.67794052319261,-1.96478509659076,2.44459544068053,1.50589890754195,3.76897927697315,2.57315787506521
"TCGA-85-8070-01A-11R-2247-07","LUSC",0.130395946185877,1.06763850859318,9.11513093055781,-0.921920400357525,6.47395178588665,-2.2475719069472,3.14767213511911,2.06706893281099,2.95187270850399,2.7222045921447
"TCGA-63-A5MU-01A-11R-A26W-07","LUSC",0.0837976987960712,1.58594313811693,9.14341847953511,-0.17366342628506,3.21454240672512,-2.48154818339591,3.5146121471789,2.608519014366,3.06400146798024,3.06237754317505
"TCGA-NC-A5HT-01A-11R-A26W-07","LUSC",-0.385803572041015,-0.216288355976839,10.0014047673487,-2.45755397716434,0.758202941095012,-3.84356218263321,2.74092941919093,1.83592954369429,3.66015684160301,2.74567193482941
"TCGA-85-8479-01A-11R-2326-07","LUSC",-0.163817077119386,0.301263397629916,8.37739955502725,-2.13286384296492,0.386565632388933,-3.30712251968142,0.860105318369357,1.06369592595707,4.01652428638885,1.98010851023843
"TCGA-85-A50Z-01A-21R-A262-07","LUSC",1.39612487212075,4.98878981709308,9.33698183066589,0.989329336582143,3.39655275626506,0.559722995411736,3.65259813088642,3.18111567145348,5.63034440321145,4.15468606851711
"TCGA-21-5783-01A-41R-2187-07","LUSC",1.07591363300471,1.23078367029191,9.86511729982322,0.184718344315164,1.9331196747135,-1.94357347001217,3.74797701021465,3.07007611213437,3.28865227334794,3.36890179856566
"TCGA-77-8156-01A-11R-2247-07","LUSC",4.10880301183532,4.70914848730551,10.3627856032488,3.45725466304286,3.47960435826245,1.87464554217774,8.03071952151278,5.52960555308159,7.33165022819848,6.96399176759762
"TCGA-43-3920-01A-01R-0980-07","LUSC",4.20491774339792,4.41933029737986,9.69040005106409,1.72273225420121,2.91074964329583,0.285697113976711,7.01838048694033,8.12640557969097,5.68902534751837,6.94460380471656
"TCGA-52-7810-01A-11R-2125-07","LUSC",-0.845736946773117,0.576214037300647,8.31966338487033,-1.81037404449382,2.73106760722514,-3.33006013761232,0.419321488367587,1.28139674286216,3.093817163911,1.59817846504692
"TCGA-21-5786-01A-01R-1635-07","LUSC",2.2736231385455,2.75533004327025,9.71504074950947,0.928007267623253,1.93751007242413,-0.770771217223396,4.99977618648295,3.96501087703453,4.81049878417111,4.59176194922953
"TCGA-63-A5MR-01A-31R-A27Q-07","LUSC",0.588438371682955,2.44126158801834,10.0359489268993,0.614735294139251,4.40690358407642,-1.28286721168743,4.26081576466468,5.09851994130321,4.9090043868995,4.75611336428913
"TCGA-66-2793-01A-01R-1201-07","LUSC",3.31035308261378,0.447595878933878,7.57030229068544,-1.1384087349102,0.633087022147363,-2.56371667795101,2.93922985310117,1.5521904744599,2.08697536977745,2.1927985657795
"TCGA-39-5031-01A-01R-1443-07","LUSC",3.11622990804295,2.94748770744015,9.90108229184803,1.75296507627944,2.79957171102116,-0.616253342090536,6.15041439710099,5.75909483113596,5.0638502163376,5.65778648152485
"TCGA-43-8116-01A-11R-2247-07","LUSC",2.04418273481747,3.34775553523528,10.2587529398481,2.0469841311494,1.73756160360119,0.239907448027873,4.6178607823741,4.78996934260689,5.78968366962068,5.06583793153389
"TCGA-77-A5GH-01A-11R-A27Q-07","LUSC",3.62847103986063,5.33019930162989,10.4787849014513,2.37052059193013,5.06433056329948,1.98783800517223,7.95039394936073,7.80454687653281,8.79373681000932,8.18289254530096
"TCGA-98-8022-01A-11R-2247-07","LUSC",3.10015800162136,3.72602433760563,11.1136883079709,1.98646307290737,2.98465916978607,-0.570678096634277,6.05321728087959,4.80933326766924,5.65140244324947,5.5046509972661
"TCGA-94-8491-01A-11R-2326-07","LUSC",2.43237288529783,3.37657877522442,9.748674279474,2.09649095570643,3.22853647607803,-0.0853917077959366,3.06162168592087,2.84919233629275,5.48192359673625,3.79757920631662
"TCGA-56-5897-01A-11R-1635-07","LUSC",3.23825313594983,3.19049389995468,10.4502579225916,2.29887799265543,2.88533904889757,0.443301240308682,6.6193930967066,5.5101069497414,6.29792600915169,6.14247535186656
"TCGA-18-3414-01A-01R-0980-07","LUSC",4.24567434107344,2.78191528350787,9.94050242396634,0.797623424276144,2.34846140134118,-0.52937087564061,4.46595571614477,5.20458821373973,4.82321810229752,4.83125401072734
"TCGA-56-7731-01A-11R-2125-07","LUSC",2.20717244653575,3.0337540602347,10.3908307305677,1.70788271391256,3.32992828546997,-1.51679012580112,4.08827194803743,1.62448901506265,4.67993850695636,3.46423315668548
"TCGA-77-8133-01A-12R-2247-07","LUSC",1.90599173668489,2.2563077290706,9.80650120790526,3.7414589054345,3.70649131478067,0.0303536895973701,4.61431062975745,2.99565039240742,4.6183474936891,4.07610283861799
"TCGA-85-A510-01A-11R-A26W-07","LUSC",3.42722259572283,3.88619222239905,9.13101495909778,1.97283245608695,2.26219199170084,0.692642977137249,6.74923162432767,4.60470153195148,6.34903173290198,5.90098829639371
"TCGA-85-8071-01A-11R-2247-07","LUSC",1.95492280093559,4.27133036168709,9.39909037181547,0.695750301914925,3.87073716713694,0.92676105979756,4.55822555157754,3.52791256502891,5.98869856214957,4.69161222625201
"TCGA-21-1080-01A-01R-0692-07","LUSC",3.2129264077176,3.67541714929485,8.44063104863059,1.65420408114364,2.6498866670076,0.654238737378004,6.10891092786,3.69022062456848,5.39242516109357,5.06385223784068
"TCGA-77-8143-01A-11R-2247-07","LUSC",1.8484812888317,3.27910939557141,8.40848460692633,1.27771911778984,3.81109654909301,-0.139540158064634,5.03493406447528,2.36030891835679,4.42096498119936,3.93873598801048
"TCGA-77-7337-01A-21R-2045-07","LUSC",2.8450756343646,3.77565785434829,10.0004619608366,0.474678796090891,2.49152058036861,-1.10621086331177,5.92917061683733,5.10469027701557,4.92119208852401,5.31835099412564
"TCGA-85-8351-01A-11R-2296-07","LUSC",0.95794137148351,2.99606355112674,9.83785965659317,-0.00673151512287661,3.22813015203574,-0.646215523109813,5.147871303784,3.70057923007475,4.98390322508363,4.61078458631413
"TCGA-66-2781-01A-01R-0851-07","LUSC",3.83944060569892,2.65894563562567,11.0371317401141,0.0985160687449353,2.07598136394013,-0.61189431469218,3.38699451791083,4.00389896226322,3.65412200377299,3.68167182798235
"TCGA-L3-A4E7-01A-11R-A24Z-07","LUSC",1.49458251618677,2.61093191203678,9.8765157395173,0.257434988072409,4.38251181375069,-0.457659898010814,7.17674292768073,6.84071223225972,4.10275962207753,6.040071594006
"TCGA-33-6738-01A-11R-1949-07","LUSC",1.51975492810487,1.93696059501097,10.2222598244606,1.15009868589485,1.44102769367799,-1.66556154459322,3.91756784241979,2.80311614933854,4.93648035374474,3.88572144850102
"TCGA-66-2753-01A-01R-0980-07","LUSC",1.53192960164583,2.07269385096812,9.26680902076105,0.533114828996304,2.43544876558685,-2.14893559340377,4.76438596616616,4.40570539752918,3.87277116279865,4.34762084216466
"TCGA-96-8169-01A-11R-2296-07","LUSC",2.0756328128796,2.86807405191397,10.1221010624114,0.842279825273804,2.85523158046144,0.413468133997139,4.68035985179274,4.99866848356857,5.99501635215172,5.22468156250435
"TCGA-XC-AA0X-01A-32R-A405-07","LUSC",1.78735157403664,2.56624332888753,9.37161107125705,1.70363429767238,4.24558262409952,-0.303537488204303,3.33383628221378,1.53222205910441,4.29847272386631,3.05484368839483
"TCGA-34-2600-01A-01R-0851-07","LUSC",2.0226114396804,1.69960443218057,8.35401592515478,-0.319338075144625,0.914640381202027,-1.5583085467262,4.04333431146403,3.41186234559529,3.60537603891663,3.68685756532532
"TCGA-66-2788-01A-01R-0980-07","LUSC",3.68379774161734,3.55831072520215,10.6496555409896,1.61684514247995,4.29573294207125,0.583835680487986,6.43497190516347,6.70516435831887,5.37833945891152,6.17282524079795
"TCGA-18-3417-01A-01R-1443-07","LUSC",1.96987889689611,3.12357210407245,10.5756060053715,-0.220725285445357,3.23920823995903,-3.31233553357629,4.34787141393966,4.5788028285089,5.30798163669057,4.74488529304637
"TCGA-39-5040-01A-21R-2125-07","LUSC",1.85891369480597,1.92859146954474,8.84210588163555,1.27168445029514,4.1898451967318,-1.55498025525698,5.36091337332845,3.25932918491696,4.14116172645064,4.25380142823202
"TCGA-85-7950-01A-11R-2187-07","LUSC",3.36446818175203,4.29041727217513,10.6525897971292,2.43775574986269,4.74237642193015,1.4071542587657,6.52189770443507,9.20754110114781,6.87598168257056,7.53514016271781
"TCGA-22-4599-01A-01R-1443-07","LUSC",4.91169041195575,5.50239206494483,10.1098714512223,1.78232973062724,4.8299165481632,1.76054566148893,9.12667555881777,6.26969896940915,7.23124801011568,7.5425408461142
"TCGA-56-8622-01A-11R-2403-07","LUSC",-0.541971498680733,2.00109829483818,9.49018689794167,-0.0630100013598387,3.60346078016608,-1.07578802831544,1.41074633754975,0.994181252092875,3.87618144968937,2.09370301311067
"TCGA-58-A46N-01A-11R-A24H-07","LUSC",0.960639347616422,2.11498054502093,8.14597064230112,0.0589465365259695,5.47100760331831,-0.594322312194642,3.16404784899909,2.93906864523338,3.80111532761377,3.30141060728208
"TCGA-70-6722-01A-11R-1820-07","LUSC",2.03755693159598,3.18272281131923,11.2320183637026,2.27531843737451,5.62264237781149,-0.712362363971397,6.02832189671376,6.74921326311692,4.728757166955,5.83543077559523
"TCGA-46-3766-01A-01R-0980-07","LUSC",4.05342202521291,4.63644133325874,10.7779090358267,2.14831651493929,3.27562839646594,1.47564548083717,7.56214696139789,6.54271080184455,6.50384514623477,6.8695676364924
"TCGA-NK-A5CT-01A-31R-A26W-07","LUSC",1.50479218614586,2.81086053272663,10.670401178349,0.47148553992864,4.62463502000834,0.753871785611852,3.88279419774028,4.71523095729855,5.78388577269574,4.79397030924486
"TCGA-85-8664-01A-11R-2403-07","LUSC",1.66192228557848,1.58043337369642,8.14744661541122,0.115373186686226,-0.163064264338751,-1.7419154478368,2.69028382378463,2.92056246952621,6.97780240184737,4.19621623171941
"TCGA-66-2777-01A-01R-1201-07","LUSC",2.88261019909845,2.57108995335107,9.54349585911739,1.00580348227998,3.61339312319496,-0.901984489275017,2.51355247847974,2.30856020616278,4.70444317045518,3.1755186183659
"TCGA-77-6844-01A-11R-1949-07","LUSC",2.781573753842,2.26188166047367,9.45528408011625,1.3109035567182,2.9783116615268,-0.74755811021678,5.24338152035091,4.61659970502119,4.09942245240583,4.65313455925931
"TCGA-NC-A5HG-01A-11R-A26W-07","LUSC",0.518513140175931,0.755472856368504,8.56485618289862,-1.2700022220121,-0.0916806194227047,-2.28524036366718,3.32338759798715,3.89033030535579,3.14695299862336,3.4535569673221
"TCGA-63-5131-01A-01R-1443-07","LUSC",3.44286369361114,1.71841340687675,10.6605178051331,-0.932863827578482,1.83688262013108,-2.28019431564514,1.80634945533828,3.39896793866353,4.15271036407227,3.11934258602469
"TCGA-63-A5MT-01A-21R-A26W-07","LUSC",1.30644932364764,2.2052792754932,10.00883445982,1.50476974553121,2.72821784165963,-3.06003448212581,2.13836846295731,7.02467358769122,9.30196574999041,6.15500260021298
"TCGA-63-7020-01A-11R-1949-07","LUSC",3.06967343880732,4.58385428649834,11.0750202260489,2.40823159800119,3.06545210617913,1.25286304700905,6.72833958477259,5.69274518126051,5.96863252407683,6.12990576336998
"TCGA-22-5477-01A-01R-1635-07","LUSC",2.64592560908443,3.10632022262799,8.85322275435193,0.509139689021499,6.26189074767506,0.509139689021499,6.06244743045069,4.70910059695248,5.31308642902971,5.36154481881096
"TCGA-60-2724-01A-01R-0851-07","LUSC",-0.343527170054619,1.19998997485213,9.47526194924663,-1.59699404926646,2.14226083820242,-2.7619230670993,0.274560333362996,3.14211092914809,5.04609535053438,2.82092220434849
"TCGA-98-A538-01A-11R-A262-07","LUSC",1.66462233724834,2.98722212288021,8.7407653308993,1.19602379751826,3.56678972751306,0.532067876607207,5.99915763334583,5.61180855010848,4.37120276563398,5.3273896496961
"TCGA-22-0944-01A-01R-0692-07","LUSC",0.950791182072503,1.3610556878249,9.57807773070103,-0.758975386678025,2.59210104178778,-2.24153322698069,1.8835399875541,2.81266860098005,3.34205939998305,2.67942266283907
"TCGA-33-AASL-01A-11R-A405-07","LUSC",1.65846139382423,3.69411848338454,10.7958418223556,1.49151003652379,3.62744813183587,0.396041684212337,6.037128664429,4.12921952911722,5.3755902105915,5.18064613471258
"TCGA-22-4591-01A-01R-1201-07","LUSC",2.33175844017837,2.46447266682616,9.72608323599636,0.000337488766777519,2.74822385477713,-0.459511263128054,5.01194622962547,3.18878589057375,4.12770723450492,4.10947978490138
"TCGA-39-5024-01A-21R-1820-07","LUSC",2.54142535019532,2.3432389943869,10.9922697641713,1.05063355239837,2.50697713599064,-0.675065463307186,5.99148800000452,5.58278870624612,5.91900061584083,5.83109244069716
"TCGA-77-A5G1-01A-11R-A27Q-07","LUSC",1.65183143964144,2.41238137243219,9.61407992229715,1.72283322397831,3.68488843917964,-0.543677026071848,5.76399902598308,4.83539561046506,5.50293975058847,5.36744479567887
"TCGA-NC-A5HH-01A-11R-A26W-07","LUSC",3.43002111987857,3.2332999684915,7.90626160704447,0.863385274601866,0.622017456602715,-0.518294953874729,5.97910447059783,4.51601988489667,5.0386964096747,5.1779402550564
"TCGA-51-4081-01A-01R-1100-07","LUSC",-0.49695194364713,0.37791707979269,8.31647662197069,-2.40725083174304,3.40416233399578,-2.40725083174304,2.96578277072685,1.06661208246644,1.35968407330402,1.79735964216577
"TCGA-22-1002-01A-01R-A96U-41","LUSC",2.64713784669929,3.26284531369647,9.51227088851861,1.02544095629525,3.0818732329641,-1.18600997148526,2.31940315022641,3.6161480946576,4.20889037845314,3.38148054111238
"TCGA-96-A4JL-01A-11R-A24Z-07","LUSC",4.42257702780116,4.92445878625942,10.5614801411597,3.66387629082886,4.33105185846071,1.54597064220846,8.0823698782314,7.90838289034968,7.64271034832803,7.8778210389697
"TCGA-37-A5EM-01A-21R-A27Q-07","LUSC",2.87723490868491,3.40727165860454,10.2571145994411,2.32029832800496,3.07295699216355,0.16752137400797,7.13429612581168,6.67300965783352,5.69822370153043,6.50184316172521
"TCGA-66-2763-01A-01R-0851-07","LUSC",2.92773628412539,3.63625907040539,9.05934521076317,0.631150575918585,5.40577200108577,0.631150575918585,5.26268651170464,5.38946364753631,4.72075877288039,5.12430297737378
"TCGA-O2-A52W-01A-11R-A26W-07","LUSC",1.77925072469295,1.02138252923599,8.02506765590965,-0.0594562523670971,1.25778160038551,-1.83548276782118,3.6754568719774,2.59241406856952,3.71598109104808,3.32795067719833
"TCGA-56-8629-01A-11R-2403-07","LUSC",1.66160193946307,2.67208649480817,9.41048970913736,1.17919941765658,1.4794907065986,-1.07641761577605,3.84836337439504,4.26191325929988,6.76450293563266,4.95825985644253
"TCGA-92-7341-01A-31R-2045-07","LUSC",0.710030088528199,2.47475548185583,9.50966936145909,-0.247427842925488,3.49894958519646,-1.10591018803726,4.34970529763913,3.26014477681116,3.91331316587468,3.84105441344166
"TCGA-98-A53D-01A-32R-A262-07","LUSC",2.8499829512114,3.20017992078358,10.3239873418898,2.81746947225318,6.39290217010351,0.146366249342534,3.98077254504707,1.87854914300457,5.19608721855904,3.68513630220356
"TCGA-56-8625-01A-11R-2403-07","LUSC",3.79962795483217,5.03739922530021,10.671692546429,2.89776617387812,4.39780332107454,2.71279283510277,9.01798146093341,6.61130600570074,7.10136256095412,7.57688334252942
"TCGA-77-8008-01A-21R-2187-07","LUSC",2.26414021436294,2.28038137714135,10.5148482489861,1.14606588864559,3.1894716234,-0.371567239957852,4.73521998916001,5.71076050018792,5.76542005697799,5.40380018210864
"TCGA-66-2737-01A-01R-0980-07","LUSC",2.74435731852958,2.8711816718028,10.3049453979033,1.5953944073754,4.13280571292483,0.455520341432945,6.06157861364715,5.61477449954418,5.1910808551919,5.62247798946108
"TCGA-39-5036-01A-01R-1443-07","LUSC",2.68295812707036,2.91372026727821,11.1071047343237,1.03538392122195,3.89592666128037,0.362402605547601,4.84764360657442,4.24694579857325,4.95815734748283,4.6842489175435
"TCGA-77-7142-01A-11R-2045-07","LUSC",1.75539107030893,2.38788866679323,10.2556160921339,-0.496123157177776,2.12713520666443,-0.0831074598160887,4.45906679180018,3.27146680950591,4.17120759661101,3.96724706597237
"TCGA-56-7223-01A-11R-2045-07","LUSC",1.32493120910509,-0.118710457154733,7.51901833599259,-1.25034871136787,1.14192617629261,-3.06402648044083,1.37777376714643,0.785504736456641,0.971345076922262,1.04487452684178
"TCGA-85-8287-01A-11R-2296-07","LUSC",4.00202736689344,3.7093393581908,10.5468714759243,2.51457521617267,2.74429061685659,0.652418898556468,5.85715208814454,5.6816051846361,6.16143892729592,5.90006540002552
"TCGA-43-6647-01A-11R-1820-07","LUSC",2.21228625191454,2.50861908246711,10.3617673164053,1.31508266210278,5.5658565847124,-1.09896668516511,5.20151073965576,6.68874533886606,8.39739976027889,6.7625519462669
"TCGA-92-8063-01A-11R-2247-07","LUSC",1.5215484838416,2.43033257309411,9.10702108049923,0.872389882325856,4.31518818425636,-0.0543313377066866,4.92625452186194,3.69016238324324,4.34218247402536,4.31953312637684
"TCGA-60-2719-01A-01R-0851-07","LUSC",2.9071583474196,2.41353985144583,9.73497543379323,0.736931529226355,2.36610079615249,-0.399011324522423,5.69348972896563,4.23106378550554,4.51105359542396,4.81186903663171
"TCGA-85-8580-01A-31R-2403-07","LUSC",1.69844359398545,1.92945661084772,8.93154776465258,2.19596128256952,3.21786140447961,-2.05501126962402,4.71077377397379,2.62792793946855,3.95170760625351,3.76346977323195
"TCGA-22-5491-01A-01R-1635-07","LUSC",2.5576689885977,2.49858007082382,8.51950590554295,0.492031798551976,3.42540854949844,-0.3197018400754,5.18669530362843,4.52031297502078,4.30057617612337,4.66919481825753
"TCGA-60-2707-01A-01R-0851-07","LUSC",1.72097793345088,2.73782430406825,10.1028229643117,0.0638241545077348,3.125399100405,-0.860149995688732,2.17171750576378,1.32724584077651,4.47415627492614,2.65770654048881
"TCGA-85-A4PA-01A-11R-A24Z-07","LUSC",4.30663244932528,4.20703974438756,10.8142932290594,5.62327267801615,3.80842143621557,1.18472096551008,5.25310946616008,2.83128974461667,6.33420958978182,4.80620293351952
"TCGA-85-A4CN-01A-11R-A24H-07","LUSC",2.792304313293,2.6172924476814,9.68980936254238,1.42138408143178,4.43172687767225,-0.0665743346173648,5.65401247167167,4.4035795209183,4.95702859590277,5.00487352949758
"TCGA-77-A5G8-01B-11R-A27Q-07","LUSC",2.03370556680817,3.13239949689705,8.87106656255749,0.853830994980389,4.65577004229448,-1.21483480770336,5.75878224370461,4.2514129757795,5.06180158619028,5.0239989352248
"TCGA-77-8130-01A-11R-2247-07","LUSC",-0.30936037698645,1.21612537525307,10.1984193747686,-1.35228662680395,3.76934635506471,-2.48039577102976,4.67037487786306,4.14347618433167,3.86009806290812,4.22464970836762
"TCGA-52-7812-01A-11R-2125-07","LUSC",4.04151755457216,4.92954629384104,11.661966250224,2.84812153404054,5.96082893001963,2.20091265375545,8.84171316324256,6.48422780671298,7.01745524633326,7.44779873876293
"TCGA-34-8456-01A-21R-2326-07","LUSC",1.80770938943058,1.93633672711512,9.65420431873986,0.82824717731099,4.65413552525055,-1.73969688723508,3.5162123079866,2.22653918489467,3.74092855887004,3.1612266839171
"TCGA-77-8145-01A-11R-2247-07","LUSC",0.398904638507224,1.76737170951012,10.1808746274785,0.86955941422908,2.9767010169743,-1.85646091736395,3.44548948686504,3.64670374070426,3.80284920656154,3.63168081137695
"TCGA-58-8390-01A-11R-2326-07","LUSC",1.80383278076333,2.18293503313836,8.78319839132458,-0.597659962573441,2.19580664022455,-0.597659962573441,4.89110348934597,5.24093853237589,4.68101877503348,4.93768693225178
"TCGA-63-A5MV-01A-21R-A26W-07","LUSC",4.09893478585397,2.4574233375087,9.48919963059341,1.57206020057495,5.57146820940642,-1.87234361046737,2.66949902866679,2.64044256693791,4.84147608908475,3.38380589489648
"TCGA-77-A5G7-01B-11R-A27Q-07","LUSC",1.50189498991637,1.91050210959779,9.02343483804844,-0.470957420795665,1.34785137146659,-1.3977701894584,3.80160775845856,4.18284916874472,3.87629846799242,3.9535851317319
"TCGA-68-7757-01B-11R-2296-07","LUSC",-0.00814836870208246,1.57063127676574,9.69758618345187,0.322249113183251,2.37460576660079,-1.90853716984502,3.58827535016479,2.88412701433678,4.02737315600007,3.49992517350055
"TCGA-43-6773-01A-41R-1949-07","LUSC",4.3233304843755,4.47056411492549,10.8254190003417,3.47127386162263,4.6430058653541,-0.592498989026669,5.40950704917137,4.67280112323195,7.13999148093638,5.74076655111323
"TCGA-66-2778-01A-02R-0851-07","LUSC",2.46105728574125,2.67950033533127,9.76458199031921,-0.0608189415422111,2.34510600733822,-0.50349334352149,3.53297269915267,4.23844836923917,4.28179505313608,4.01773870717597
"TCGA-33-AAS8-01A-11R-A405-07","LUSC",0.617266545593965,2.27215955920233,8.46339170934129,0.776270741287099,3.94101865669565,-1.62795444334233,2.26226206498446,1.60433856860462,3.07267353727005,2.31309139028638
"TCGA-85-8350-01A-11R-2296-07","LUSC",3.40727565883573,2.76999290089353,10.4214863226659,1.32464463651055,1.54241390054697,0.130801949379808,4.13025259210737,3.77900110144483,5.02566973356923,4.31164114237381
"TCGA-90-A4EE-01A-11R-A24Z-07","LUSC",5.02480270426255,5.24632503416579,10.8190901705953,4.20254688743628,4.44920241153125,2.06417435130059,9.07999972560821,7.77687555496252,7.45947755760096,8.10545094605723
"TCGA-22-5483-01A-01R-1820-07","LUSC",6.09589015175759,3.27167646805403,9.93999184446757,0.824293256552798,2.58810803503679,-0.659783024297652,7.98589527753041,5.61066138349763,4.77473947788877,6.12376537963894
"TCGA-77-7335-01A-11R-2045-07","LUSC",5.26343508291853,5.65030854464064,11.4913995270749,2.83225603441607,4.15220518207217,2.87681145299094,10.3728161951419,7.82527530733379,8.266404599851,8.82149870077556
"TCGA-85-A512-01A-11R-A26W-07","LUSC",0.626462430514485,0.961401606240162,9.08042770759493,-0.913848438067794,2.8263493079867,-2.11687980415299,5.40493376011253,4.00701582578632,4.03559438039536,4.4825146554314
"TCGA-39-5034-01A-01R-1443-07","LUSC",2.73004938282297,4.02871872743538,10.3691605341978,1.58248973280661,2.55929438645734,-0.837984775964491,6.50670934562348,5.16133528836023,5.45152287119152,5.70652250172508
"TCGA-56-6545-01A-11R-1820-07","LUSC",2.4039805728272,3.55126780928741,10.9784454494242,1.5364269273651,4.00707817391663,0.399881015988133,7.18687396095074,7.24123328559172,6.23953405831682,6.88921376828643
"TCGA-56-A4BY-01A-11R-A24H-07","LUSC",2.13595897209749,2.36944205893641,9.88125784605401,1.69097141661547,4.41474887190091,-0.558174686061428,5.96173796568202,3.02241816811496,4.20358559585659,4.39591390988452
"TCGA-77-8007-01A-11R-2187-07","LUSC",3.5840760094259,3.74856607355674,11.1388562660323,2.23114039914781,6.4231101463938,1.06751407609415,6.71383241619839,5.77139409837138,5.78215704280882,6.08912785245953
"TCGA-18-3412-01A-01R-0980-07","LUSC",1.44458651801735,2.50671881899446,10.2293831181252,0.256463154436624,3.64593099564998,-2.26361117726077,5.64869448476661,5.2103758377806,4.00753919033644,4.95553650429455
"TCGA-66-2785-01A-01R-0851-07","LUSC",4.95523297374461,5.62841062981052,12.6385492597992,3.42334151158274,4.52201134242519,2.77343638401614,8.02977799002026,7.554056800081,8.14152868774561,7.90845449261562
"TCGA-21-5787-01A-01R-1635-07","LUSC",5.78734986827217,6.57775638844051,10.8216108570991,4.67633215327983,3.32550050950589,2.57153111811742,8.35157474339577,5.33747692528052,8.48688484720935,7.39197883862855
"TCGA-85-7697-01A-11R-2125-07","LUSC",2.27096857105265,2.96717636811576,10.3486255445173,1.4560901229122,1.85949596229463,0.0865307452502666,4.71986263137322,4.40466322252328,4.76148561021816,4.62867048803822
"TCGA-85-A5B5-01A-21R-A26W-07","LUSC",0.870508693997282,1.49720878133037,8.33836872043165,-0.523909764100142,5.10042260555858,-1.48553714277023,4.69510132489749,3.71175318693094,3.73230482632897,4.04638644605247
"TCGA-98-A53A-01A-11R-A262-07","LUSC",2.77334994400312,3.3103072759792,8.26591822585594,2.41664596611557,1.04072032824607,0.710597487272911,5.06833126608305,3.58851330428886,4.25856658444344,4.30513705160512
"TCGA-39-5028-01A-01R-1443-07","LUSC",2.77251940789977,3.63447869126927,10.3474676905452,1.80496200709956,3.46503229133952,-0.787371238459826,5.15811418319098,8.1622541906315,5.65727796897745,6.32588211426664
"TCGA-NC-A5HE-01A-11R-A26W-07","LUSC",5.57999084826666,5.77116260393723,10.7847962177131,3.34590439226118,5.15200660198484,2.67153472745903,8.66857401537938,6.79605338935811,8.10190225861383,7.85550988778377
"TCGA-66-2795-01A-02R-0980-07","LUSC",2.42938267182664,2.91057793478347,9.89308018801992,0.477022776606472,2.88785253022902,-0.22468477862992,7.32487693697853,6.3065649823928,4.48983367325667,6.04042519754266
"TCGA-66-2787-01A-01R-0980-07","LUSC",4.05148113484437,4.24401293549399,9.36363241752832,2.36274591243374,6.87548399306686,0.956159394642636,8.00673709751345,5.37458389815294,6.44509304754696,6.60880468107111
"TCGA-21-5782-01A-01R-1635-07","LUSC",2.40822028133067,3.36307347820671,9.84490315762805,1.2154401948467,1.85271545993006,0.730186562192001,4.29847422591011,2.9452168846652,5.19340458166442,4.14569856407991
"TCGA-60-2713-01A-01R-0851-07","LUSC",3.39093059100848,4.11718586520602,10.3498339798099,2.24702001958632,3.87861392035054,0.714607532353924,7.41309442857791,5.82823316341406,6.25762813152851,6.49965190784016
"TCGA-NC-A5HN-01A-11R-A26W-07","LUSC",1.37966424662563,2.86257035730477,10.7463995571847,0.0901840602289029,5.2241116951474,-0.253989060366502,5.01916359930083,4.23503257289393,4.55165492098254,4.60195036439243
"TCGA-77-7139-01A-11R-2045-07","LUSC",2.56295933025157,1.97561307540412,8.97910381706759,0.554787819603927,6.91959416735056,-0.87891976638538,4.86131975537186,3.62167064894311,4.34618360887045,4.27639133772847
"TCGA-18-4721-01A-01R-1443-07","LUSC",3.78953902069505,5.259005859207,10.3536151244644,1.96276397375843,6.37364670468436,1.09398338519444,7.19522221924652,5.91818614033727,6.97077853578069,6.69472896512149
"TCGA-63-A5MN-01A-22R-A27Q-07","LUSC",4.49312268999605,4.29367732650222,12.0484081696781,3.43709687834686,6.44817710768142,1.51211044663246,7.75322915486348,7.01549211651615,6.87327779458352,7.21399968865438
"TCGA-33-AASJ-01A-11R-A405-07","LUSC",1.72211099512834,3.37332469645848,9.7053394242785,0.898419507346368,5.59333562559638,0.0275458424971017,4.07782437297544,3.41948626660419,4.29473252164894,3.93068105374285
"TCGA-56-8307-01A-11R-2296-07","LUSC",2.5053803797427,3.81889272939531,10.5921491451603,2.32039209781389,5.17773715469987,0.837637963721459,6.23319199129057,6.15311984627477,5.8862635933277,6.09085847696435
"TCGA-85-8288-01A-11R-2296-07","LUSC",2.41733700175823,2.75105383593493,10.6357346061336,1.73920895988671,2.34474178054171,-0.228164760029314,5.74407451348267,5.71198664493919,6.76682299380594,6.07429471740927
"TCGA-43-8118-01A-11R-2403-07","LUSC",1.3998655401975,2.58135458314272,9.37796116921937,1.09093243151549,1.98590728734055,-1.39744853583187,4.07885267158375,2.94175991001375,3.70883575967799,3.57648278042516
"TCGA-56-7580-01A-11R-2045-07","LUSC",1.16130773896577,2.45713537208919,9.60271758007787,-0.00802543026371547,1.47844373789992,-0.140092412498471,3.06245732817296,2.96295555503026,4.21735134419633,3.41425474246652
"TCGA-85-8355-01A-11R-2296-07","LUSC",4.26823719482476,4.27060953756611,10.5305564178594,3.47431914227577,6.52313766726999,1.4747973973338,7.91580933208034,5.00717544671199,6.45966834732621,6.46088437537284
"TCGA-66-2789-01A-01R-0980-07","LUSC",2.04937917957435,3.4314310233517,10.1001958712656,-0.485661397402133,2.82197437837725,-0.423447865891147,4.14508467841984,5.41710457465765,4.1412302464683,4.5678064998486
"TCGA-77-7465-01A-11R-2045-07","LUSC",4.07700191072331,4.69018929934003,9.89471824168634,2.31490897098914,4.14846089594137,1.67048832541614,7.8196126741175,7.27483148914834,6.68627391086283,7.26023935804289
"TCGA-63-A5MY-01A-11R-A26W-07","LUSC",0.803308408320368,-0.292372308856057,6.25448734525191,-2.87395576782664,3.6793334101469,-2.67866643947298,1.48842693193553,0.11841028864473,0.982103590984218,0.862980270521493
"TCGA-63-A5MB-01A-11R-A26W-07","LUSC",1.94900671104388,3.32334146067583,8.88980056939916,1.17143576900078,3.63015702767781,0.0210078313505397,6.83436580150429,4.92646394758253,4.47367268406838,5.41150081105173
"TCGA-66-2765-01A-01R-0851-07","LUSC",2.63519672449261,3.86683541037947,11.7920056280421,2.14283989925336,3.28646938767548,0.28177146688938,7.72501107949424,7.84272246993518,4.90413294696788,6.8239554987991
"TCGA-34-5927-01A-11R-1820-07","LUSC",0.720994488862478,2.28902376965958,8.34563874472147,0.0708506725981477,0.643783362010299,-0.543327829536554,5.06287752558457,3.89497672058562,3.86374107443079,4.27386510686699
"TCGA-22-1005-01A-01R-A96U-41","LUSC",4.33077892115075,4.96858782654133,10.5463938735145,3.67802335607776,3.8246083300456,1.96029800969409,7.41677027518051,5.59663802667229,6.00415568645781,6.33918799610353
"TCGA-39-5011-01A-01R-1443-07","LUSC",4.03258536727366,5.47984275817878,11.8972284659902,3.5053230895149,4.42453635691877,2.54292808507484,8.47714278101463,6.8428709595561,7.50293232580433,7.60764868879169
"TCGA-34-5240-01A-01R-1443-07","LUSC",1.97495490940464,2.40149943072595,8.70735319607794,-0.528256698946035,4.94426859103925,-1.83061226669778,3.62847877957689,3.88603676023915,4.25225774857979,3.92225776279861
"TCGA-68-8251-01A-11R-2296-07","LUSC",2.77640172005134,3.3717231562183,10.223428545047,1.61275443361994,2.87597956930298,-0.666038495840184,5.1614900667851,5.82154194282335,7.33177928160159,6.10493709707001
"TCGA-37-4132-01A-01R-1100-07","LUSC",6.94854474361657,4.39068201376297,11.8435125039162,2.29066509249257,3.23099263873675,1.80521003814902,8.26181197483884,6.90077424529964,5.99159836700701,7.05139486238183
"TCGA-66-2771-01A-01R-0980-07","LUSC",4.31740061484209,4.76356018574535,10.585739011425,2.32820799484077,3.73554655501077,2.16989266397088,6.91626244511475,6.57459689390903,6.03367633903841,6.50817855935406
"TCGA-63-6202-01A-11R-1820-07","LUSC",4.75369750208991,5.24203318627049,10.5804304988337,3.67978209531854,5.47855429678241,2.28591564500133,8.92498762956468,6.68118401037488,7.30435944116452,7.63684369370136
"TCGA-85-8353-01A-21R-2296-07","LUSC",2.66367093894071,3.52755532698181,9.72626669546112,1.70617579791324,3.50162438567248,0.0816694916442808,6.93664708282,4.71194730975021,5.3947147424049,5.6811030449917
"TCGA-98-A53I-01A-31R-A262-07","LUSC",3.06163931959766,3.42677060384051,9.37266872791536,3.19090551245959,3.33929482355856,1.41985412690971,7.22453605471879,5.03583390077847,5.44912183711051,5.90316393086925
"TCGA-22-5482-01A-01R-1635-07","LUSC",0.405285056278811,2.24800540230075,9.27715406329339,-0.928369213346925,2.12688043516898,-1.01462265042772,5.67783385211811,4.561298975154,3.48914642862751,4.57609308529987
"TCGA-22-1016-01A-01R-0692-07","LUSC",2.61759824657161,2.48042810533314,9.54210775115635,0.73695756973564,3.37723250397229,-0.351834512683742,2.69890598864002,4.10020723989403,3.75779192481818,3.51896838445074
"TCGA-85-6798-01A-11R-1949-07","LUSC",-0.538933355594314,1.70251301751699,9.16985505278866,-0.696108655042102,4.29411948127035,-2.78692153284906,2.57610224298564,1.69446770668651,3.31255099164327,2.52770698043847
"TCGA-77-A5GF-01A-21R-A27Q-07","LUSC",2.30778510948659,3.1627023178524,10.2692255584122,1.56675908055196,7.39269345148933,0.0973968682843855,5.55612423372459,4.58985035390902,4.82036525624818,4.9887799479606
"TCGA-22-1002-01A-01R-0692-07","LUSC",2.80284633240915,3.17022323005519,10.0856404340091,0.785255086103654,3.22589898241888,-0.945590688958671,3.43804181921697,3.89498735924222,5.19407002113044,4.17569973319654
"TCGA-22-A5C4-01A-12R-A27Q-07","LUSC",1.23183564000316,2.17514476905998,8.18098479622968,0.458171855679793,1.66640559538241,-0.546722401308383,5.33450563172601,4.32170984220466,3.8251461459962,4.49378720664229
"TCGA-34-2608-01A-02R-0851-07","LUSC",2.85083394432605,3.44381355697017,10.3447921339445,1.54878753378792,2.92065396196197,0.488664539782373,5.67830642539078,4.91227380505395,5.61178998544089,5.40079007196187
"TCGA-34-8454-01A-11R-2326-07","LUSC",3.2442493878847,5.28666431014147,10.9147069931629,2.86021240526702,2.7901960092422,0.682201116979688,6.53781471496134,6.69296077875371,6.00042118226397,6.41039889199301
"TCGA-52-7811-01A-11R-2125-07","LUSC",1.88612109983125,3.02828903645502,11.0210209908549,0.423410520249027,3.21982792360287,-0.812851085496661,5.66939867517576,5.5188636909315,4.29966195573966,5.16264144061564
"TCGA-63-7021-01A-11R-1949-07","LUSC",2.60148742226022,4.02184864358638,10.1684204943907,1.65556685164309,4.94940269425261,0.963044846004468,4.98556995712072,4.24490264647093,6.02437102011512,5.08494787456892
"TCGA-37-4135-01A-01R-1100-07","LUSC",3.88020960686339,2.84005586005094,10.7865685807291,0.335228975664751,2.15980463243514,-0.242282902221818,6.75681136214645,7.06920221481511,4.76482335130671,6.19694564275609
"TCGA-85-6175-01A-11R-1820-07","LUSC",3.04874595416745,3.13961098963056,10.5323797574703,1.88607915267517,3.64007307776096,0.576299800012403,6.23227149060006,5.01579684761185,5.10726410987126,5.45177748269439
"TCGA-94-A4VJ-01A-11R-A24Z-07","LUSC",2.17675117404241,2.62495864861556,11.0162082949521,1.38891934065425,2.07350390220645,-1.21978651554784,5.4665915530613,4.78910410966509,5.26949554515004,5.17506373595881
"TCGA-56-8201-01A-11R-2247-07","LUSC",4.46089228550472,4.93767576622102,11.0497541450247,3.99258355864965,4.94319112513901,1.92682843260578,8.15016479748291,7.49713887796437,7.6796546726042,7.77565278268382
"TCGA-39-5029-01A-01R-1443-07","LUSC",3.61773044929424,4.48206105084461,11.3699535444798,2.44111657222541,1.96344130599914,0.996697118822803,7.15626028429736,6.3821087142799,6.12755318863694,6.55530739573807
"TCGA-56-8624-01A-11R-2403-07","LUSC",1.69176545895435,1.1282449441613,8.86445384275846,0.345386483083304,1.33833875500757,-1.66965375184964,4.0081830026417,1.84213853073317,4.34827345911746,3.39953166416411
"TCGA-96-8170-01A-11R-2296-07","LUSC",1.43762583926398,1.38358539572631,9.73766805603549,0.326976614717159,1.72000403597927,-1.15482037058083,2.02918371975233,2.25148749459425,4.20423909515389,2.82830343650016
"TCGA-68-7755-01A-11R-2125-07","LUSC",1.32460331777266,2.18820971611319,9.04616898757122,0.357511946929584,5.70707681946017,-1.36466916924409,6.29433388390733,4.29991061980119,3.65007091890691,4.74810514087181
"TCGA-94-8035-01A-11R-2247-07","LUSC",0.446698653819996,1.75927620612874,8.432136424321,-0.476606442304502,3.05804529066256,-3.5645844987409,4.52404930965561,4.24906537530029,3.37132340628914,4.04814603041502
"TCGA-34-5236-01A-21R-1820-07","LUSC",1.79044991681244,2.10410596372582,9.77380944363306,0.676873928879366,2.02370242809418,-1.78916442605977,3.09901722999359,3.96333138294407,4.4597013423494,3.84068331842902
"TCGA-85-8666-01A-11R-2403-07","LUSC",1.53405635881031,3.54094539403794,9.64181123277669,1.29030362518456,3.36736576785852,-0.789050771950477,4.10601367621011,5.66906623831841,6.05222319576549,5.27576770343134
"TCGA-77-8140-01A-11R-2247-07","LUSC",1.25535828975717,1.72034444415898,8.12550567958701,0.588985368054382,1.5177880260872,-1.33911576213331,1.32527055940471,2.94349175090769,4.64833897763941,2.97236709598394
"TCGA-NC-A5HP-01A-11R-A26W-07","LUSC",0.138719996965888,-0.0852491561776355,9.0511337311109,-0.605315762007907,0.846174347769657,-1.3784825025992,4.21579044402545,3.11518622701801,2.36998145619286,3.23365270907877
"TCGA-33-4587-01A-11R-2125-07","LUSC",1.88698703848796,1.12231750099389,9.76735453178506,-0.467273471981595,1.52872030398255,-1.20841670708178,5.69705857692622,4.50113446668319,3.46075720952406,4.55298341771116
"TCGA-60-2709-01A-21R-1820-07","LUSC",4.11857534741844,4.01331532836434,10.8186309239627,3.04280662916082,5.64873360466804,0.587302143239113,7.11172882505717,4.95777204602995,6.96137180978056,6.34362422695589
"TCGA-NC-A5HO-01A-11R-A26W-07","LUSC",2.57039092514401,3.43656175413592,8.60880212290001,1.53901993663863,1.96419576718064,1.20688176031646,5.19102129590901,3.71202519360206,5.58866993916331,4.83057214289146
"TCGA-77-7141-01A-11R-2045-07","LUSC",1.58490255152807,1.63594474644058,9.21874173264475,0.244632912523752,4.5741226487048,-1.37487570685239,5.53859054574805,4.22120390893865,3.38939830169688,4.38306425212786
"TCGA-NK-A5CX-01A-11R-A26W-07","LUSC",2.69388891068645,3.66155476201384,11.0777521869348,1.74508426366185,4.20494624527472,1.14939101704822,7.51531426293194,6.55495537404537,5.50585392542788,6.52537452080173
"TCGA-46-3767-01A-01R-0980-07","LUSC",3.27015307405756,3.38361700415293,10.245073610342,1.50608925454762,2.88128559598959,0.340829829946774,5.29562688714092,4.48097253984584,5.9052593858503,5.22728627094569
"TCGA-37-4141-01A-02R-1100-07","LUSC",5.87185229622055,3.37722687639391,10.5383454921561,1.92966347422524,2.99494184235299,1.39999453229545,6.66114345763306,5.94701546435894,5.15284829024188,5.92033573741129
"TCGA-77-8131-01A-11R-2247-07","LUSC",3.726191660343,4.31155633861146,11.3388059756962,3.17986092945588,4.43129549555775,2.0021018606128,7.10952279202567,6.82106879829552,7.65228634870731,7.19429264634283
"TCGA-90-7769-01A-11R-2125-07","LUSC",0.102869254204386,1.59522543799849,7.42679160750636,-0.642325767181388,5.61666745869943,-2.69637165533886,3.22903410926588,2.83964156980109,2.58281248377574,2.88382938761424
"TCGA-NC-A5HL-01A-11R-A26W-07","LUSC",3.641092596071,4.53721803588032,10.5277666535048,2.73541541208305,7.00377419143437,1.62939633344099,7.80970268242485,5.49951538828022,6.25676440352584,6.52199415807697
"TCGA-33-A4WN-01A-11R-A262-07","LUSC",1.28402326190012,1.39551769209822,8.65617247844347,0.739311260359515,3.97650528449924,-1.45833986356586,4.04522166302834,2.71054352748431,3.97474473138246,3.5768366406317
"TCGA-34-2596-01A-01R-0851-07","LUSC",1.60570307910876,3.01824902747398,8.91976760233756,1.81582847880253,7.22278796473421,-0.771504356350806,4.75570116775401,3.49736064412405,4.30088916154574,4.1846503244746
"TCGA-56-8304-01A-11R-2326-07","LUSC",2.43030985016103,3.81794049658962,9.68103565609713,1.25155644930909,3.75023234802479,0.600404726520178,5.56452295600937,4.99787589724171,5.56196928045872,5.37478937790327
"TCGA-39-5030-01A-01R-1443-07","LUSC",4.41146412932053,5.25289462812846,10.9497048918602,3.61221267578051,4.75256253337264,2.90890767018338,8.59606739028928,7.82173724590386,8.20737342757979,8.20839268792431
"TCGA-92-7340-01A-21R-2045-07","LUSC",2.89009409677781,3.7042609973676,9.78685196497456,1.59418792591492,2.60564285173534,-0.00408489054528165,6.71325972753463,6.86221571582471,5.91831354736919,6.49792966357617
"TCGA-56-7730-01A-11R-2125-07","LUSC",0.100007405256718,0.471047379056996,7.77159967434762,-1.23543205574885,4.2603089436015,-3.12055810956082,2.97016580638873,1.41700378114079,1.92967390409283,2.10561449720745
"TCGA-77-8144-01A-11R-2247-07","LUSC",1.367785295859,3.42339106710409,10.1005053896763,0.750441175906805,2.66504412804871,-1.46787968009427,5.73722154755875,4.41243278133348,3.85961552505824,4.66975661798349
"TCGA-85-6560-01A-11R-1820-07","LUSC",3.58213485017465,3.68305778502773,9.67240106047997,1.32024509329975,2.84517111165615,0.957825788525002,6.74950686197929,5.63302617767221,7.53419623360835,6.63890975775328
"TCGA-77-8009-01A-11R-2187-07","LUSC",1.34523533276516,2.85649129274335,9.44267519345473,1.40745164560447,4.24772155208249,-0.110883338885603,5.69638717481661,5.02943971689571,4.29036936308454,5.00539875159896
"TCGA-85-7710-01A-11R-2125-07","LUSC",2.38049381805878,3.41671213354236,10.9716823164807,1.70304369067688,2.77943749489256,1.27589528806661,7.68047908737272,6.93086048874362,5.31895119115833,6.64343025575822
"TCGA-66-2757-01A-01R-0851-07","LUSC",3.84009168031209,3.50406783152991,9.49437683947897,2.01685367743107,2.99807919262295,0.792370720304303,7.01734352138099,8.00935923896233,5.50993440357783,6.84554572130705
"TCGA-56-8503-01A-11R-2403-07","LUSC",2.70568029729339,3.54079516114981,10.9289164956367,2.00968596956962,3.63382907572088,0.194205565312071,7.14348149816829,7.05936296284252,5.81199374475206,6.67161273525429
"TCGA-85-8276-01A-11R-2296-07","LUSC",3.55885846512386,4.2718592449524,10.651520289578,2.55912786663028,3.11918262203989,1.27697879397677,7.73746270516435,5.90154416612199,6.33528086173574,6.65809591100736
"TCGA-46-3765-01A-01R-0980-07","LUSC",2.7479609632451,3.13361693107186,9.68614809894354,1.46126192526423,3.06514408420854,-0.504257393149847,5.71718876854062,5.89956948318803,5.08397165120649,5.56690996764504
"TCGA-NC-A5HD-01A-11R-A26W-07","LUSC",0.292653047658542,2.30605439551589,8.40213809776512,-1.02081769049024,1.66630270420284,-2.05951350521564,1.06098751776548,3.4142744057028,4.28081123808508,2.91869105385112
"TCGA-63-A5M9-01A-11R-A26W-07","LUSC",1.6637496785027,3.12624649527042,9.58212565106621,1.26138677144029,5.95869101851795,-0.682024685682916,6.23901060678683,4.62482076873354,4.5055255032048,5.12311895957505
"TCGA-85-8049-01A-11R-2247-07","LUSC",3.62301486655296,4.34634339940671,10.0611311588587,3.0534318876993,3.87251747180001,1.24079690082663,7.16206561560986,4.94657823291304,6.33559107158778,6.14807830670356
"TCGA-37-3789-01A-01R-0980-07","LUSC",4.17328840673544,4.85545207195268,11.3550733791338,2.25321547731712,3.15626691853982,0.286903900276974,6.6890991301578,10.0316701336182,5.53858469275982,7.41978465217861
"TCGA-56-A4BX-01A-11R-A24H-07","LUSC",1.98336156118303,-2.84301595547346,7.75469754358604,-3.7829392375115,3.16812207145506,-4.18190102263685,-2.35470411707883,-2.11647110116229,-0.826010561055476,-1.76572859309887
"TCGA-21-1075-01A-01R-0692-07","LUSC",-1.5139764393053,-0.429353359011359,7.73546906017595,-3.46294905991884,5.2062785533576,-3.776484738308,0.658725046029393,1.45829226261627,1.63325197592829,1.25008976152465
"TCGA-22-4613-01A-01R-1443-07","LUSC",3.96915233326254,3.64766935773581,9.92319683070225,1.64656844062461,3.37137256406065,0.734247005680182,8.28167683248861,6.03371257970971,6.00103199169648,6.77214046796493
"TCGA-37-3792-01A-01R-0980-07","LUSC",3.8821721161332,5.65246216923991,11.8013272731375,2.20869123744513,6.64626585040425,1.23123934763276,6.34733819894111,9.45833819719055,8.74014367528887,8.18194002380685
"TCGA-37-4129-01A-01R-1100-07","LUSC",2.69740325030129,-0.595402950868472,9.10831917972257,-2.88112516953281,0.977196288577721,-3.83083963981096,0.464134444571702,0.20210671243214,1.23964252758969,0.635294561531177
"TCGA-77-8128-01A-11R-2247-07","LUSC",0.578781089912478,-0.0301267188901368,8.72065402659461,-1.17997335054104,2.74197640169309,-3.02845728769475,3.9511699488512,2.75111416459393,2.79153264338974,3.16460558561162
"TCGA-39-5016-01A-01R-1443-07","LUSC",3.78762059193754,4.07842324388801,10.7022134567546,2.08203994145057,7.10381243325428,0.870848510113267,7.84062050280561,6.30571399395777,6.6001785322901,6.91550434301783
"TCGA-66-2786-01A-01R-0851-07","LUSC",3.44866906553224,3.17896126348346,10.810984499544,2.20374973398046,2.05139108464141,0.617373166594099,5.25667165147631,4.8657350419921,5.54439029498833,5.22226566281891
"TCGA-60-2722-01A-01R-0851-07","LUSC",0.620555142463533,1.3683518608089,9.30802278486675,0.699660909920167,5.47618844747568,-1.50892258814137,5.59283211858203,3.06246781043061,3.43692978431642,4.03074323777635
"TCGA-56-A4BW-01A-11R-A24H-07","LUSC",2.64854592438632,2.78164602791561,10.8691673246732,1.26913718390377,2.18291399778401,0.709676915857489,5.4761299303822,5.0343099164429,5.29493510899775,5.26845831860762
"TCGA-37-3783-01A-01R-1201-07","LUSC",5.09256548907657,5.33977862238992,11.7337391576667,2.47032961538444,3.57486298638305,1.66030576791823,6.93797855096282,7.6230594300043,7.11972095916739,7.2269196467115
"TCGA-21-1071-01A-01R-0692-07","LUSC",2.3294843899514,2.9295335356892,9.42134791008018,0.765757977079001,4.24383133398308,0.628159164174847,6.00985936445993,5.12101354092824,4.68442642823012,5.27176644453943
"TCGA-33-4566-01A-01R-1443-07","LUSC",4.20809550827084,5.35181367132062,11.5469624318416,1.21572587039739,4.25091485364236,1.71575920072455,8.58308977374303,7.61919554730705,7.64845992588415,7.95024841564474
"TCGA-39-5022-01A-21R-1820-07","LUSC",4.85506779894783,5.46170024912244,11.737609853042,3.78670055811743,5.02942374735553,3.08144885375847,9.10937683918151,7.83832762452509,7.76326960685492,8.23699135685384
"TCGA-43-2581-01A-01R-0851-07","LUSC",2.72194169210207,4.06239929672492,10.4465542542664,3.36006974738552,3.21323957489828,0.594107976153862,7.65106269645845,5.79236919931252,6.10313812591113,6.5155233405607
"TCGA-34-A5IX-01A-12R-A27Q-07","LUSC",1.69187334868966,3.04209566390676,9.01205338522469,0.647002433403038,2.92494878741097,-0.538438461254476,4.50154781705627,3.78880524270979,6.72527976699007,5.00521094225204
"TCGA-66-2734-01A-01R-0980-07","LUSC",0.475393960622148,2.00146016909685,9.41765315863876,-0.567925649654904,3.16036896008223,-0.903069637009914,4.95293383397152,4.7252746840857,3.50052602920453,4.39291151575392
"TCGA-60-2703-01A-11R-2045-07","LUSC",2.42804004449024,1.81701720599494,9.16877605154319,-0.518726777009245,2.13013905219166,-2.14405625663512,1.80612047264748,2.19102394572899,3.01027961831298,2.33580801222982
"TCGA-43-A56U-01A-11R-A26W-07","LUSC",3.47341291668419,4.39800573467133,10.340450192278,3.40905034235959,3.13654953690652,0.100281884703915,6.5490862477128,4.69613583491504,6.30054896856182,5.84859035039655
"TCGA-39-5037-01A-01R-1443-07","LUSC",0.777677436472472,-0.103013033101242,9.36485904545602,-4.1210300889263,3.93176336223318,-3.69158841168198,0.477675977343216,0.934002565833502,2.53011389855685,1.31393081391119
"TCGA-33-AASB-01A-11R-A405-07","LUSC",0.208692499509913,0.998825584117936,9.14801357934382,0.227411211940232,0.466762329404068,-2.12273916950281,2.0253562066541,2.56899536777998,3.08223036805241,2.5588606474955
"TCGA-66-2773-01A-01R-1201-07","LUSC",3.46124282767478,3.2448532919984,9.65329567064019,1.8461626929007,5.84174091784266,1.29424119214433,7.05014398528634,5.57117780215934,5.50067761653595,6.04066646799387
"TCGA-98-A53B-01A-11R-A262-07","LUSC",3.59234741829277,3.42585860094669,10.1264526130985,2.06272288877789,2.83128954491419,0.447675803674748,5.11688377516472,4.59893048639039,6.29304845893723,5.33628757349745
"TCGA-O2-A52N-01A-11R-A26W-07","LUSC",2.02683095633786,3.84952539060804,10.8517935549034,1.8745460656975,3.02659656854261,-0.167772937019636,5.95059104318696,4.26883105870834,4.77550388939989,4.99830866376506
"TCGA-85-7843-01A-11R-2125-07","LUSC",1.81028124778186,2.07067387880581,9.7970159641484,0.882638107926043,1.47252153251391,-1.92511242982015,4.4746978716336,3.27220207409016,3.60894699114533,3.7852823122897
"TCGA-58-8393-01A-11R-2326-07","LUSC",3.89864454423301,4.87841932806351,10.0204305473245,3.10815166749,5.01433526102297,2.54244990096919,8.06601364627794,6.11239831925651,6.67533082464849,6.95124759672765
"TCGA-66-2767-01A-01R-0851-07","LUSC",4.62745855696417,4.85876962694478,10.9324628773111,3.44679567067381,5.41859892026122,2.09057731439909,7.72233282060929,6.64056138046047,6.76929403781857,7.04406274629611
"TCGA-33-4582-01A-01R-1443-07","LUSC",3.19871471734783,2.69577179355642,8.87869741682092,-0.435803485846287,0.193219553406852,-0.709119480475287,4.39846362457776,4.86957819474797,3.91986664290634,4.39596948741069
"TCGA-56-8628-01A-11R-2403-07","LUSC",3.15075093323825,2.91277677821291,10.0643084005106,1.86235252534438,2.96978585077374,0.355996106901215,5.48210459196365,4.75627419448617,5.70284145965628,5.31374008203537
"TCGA-56-A49D-01A-11R-A24H-07","LUSC",3.95923182146292,4.52824430519921,9.99108160894836,2.32697772804904,3.71668947248824,1.14294154803892,6.34617758653042,5.58453793000498,5.95741323095742,5.96270958249761
"TCGA-85-A4JB-01A-51R-A262-07","LUSC",0.584519683828729,2.53389367945653,8.573567779565,0.258710283309098,2.82997335155374,-1.2612834064241,6.07620482052593,8.86888181302753,4.14243522536628,6.36250728630658
"TCGA-22-4607-01A-01R-1201-07","LUSC",1.34890504452142,2.62027471860419,9.76884055034636,1.24429137050801,1.80689777375245,-1.09550784568891,4.06938497877501,5.12227313315984,4.0207991746933,4.40415242887605
"TCGA-63-7023-01A-11R-1949-07","LUSC",2.80867153306554,3.21965162619797,10.5533611070232,1.77732720606182,1.56785018211707,-0.673065180932953,5.98452671712374,5.00301629479913,5.0171578621279,5.33490029135025
"TCGA-60-2720-01A-01R-0851-07","LUSC",3.36991809814464,4.2107854136905,11.7699341979394,2.54363572030081,2.96154136869514,-1.21979622360771,6.2122468913155,8.72855786816138,6.53272122661577,7.15784199536422
"TCGA-63-A5MW-01A-11R-A26W-07","LUSC",3.63184994339065,2.28120207460619,9.35756980147758,0.898895260828593,0.886441256814094,-0.702464531992061,3.39056217666095,3.05163596230641,3.72200885936582,3.38806899944439
"TCGA-56-7222-01A-11R-2045-07","LUSC",-1.81979094142917,-0.0268469710600302,9.05579619445936,-3.1665423106092,0.995637733640743,-4.73523970346856,1.26304073599296,2.68751797505619,6.04524481329048,3.33193450811321
"TCGA-52-7622-01A-11R-2125-07","LUSC",3.04111819626158,4.73206689124523,10.3251606722175,2.45015963827052,6.64974772126892,1.29340691980193,7.73817663100422,6.58942324726877,5.94698282198441,6.75819423341913
"TCGA-58-8392-01A-11R-2326-07","LUSC",3.79691720792175,1.58520001764818,8.89011358853653,-1.52556423497429,4.45398401179495,-2.53047355860086,2.42282817210552,1.79272796417835,3.33437423997107,2.51664345875165
"TCGA-66-2792-01A-01R-0980-07","LUSC",1.49340456722457,2.77676197155594,9.13383126652433,-0.12622801058136,5.8828060136832,-0.347308532642622,6.01137362472617,5.07832482589829,3.99561085683889,5.02843643582112
"TCGA-63-A5MH-01A-12R-A27Q-07","LUSC",3.50562604791486,1.87430597476215,8.83224012789578,-1.32139606204492,4.94123752591115,-0.673982312789069,3.29020189386134,7.19325640222174,8.44049914115979,6.30798581241429
"TCGA-18-4086-01A-01R-1100-07","LUSC",2.52114301541314,3.63345023538613,10.3893055186531,1.5229407038689,5.03388117914366,-0.290701142697202,6.2141263845514,4.87126753624276,5.3614005292846,5.48226481669292
"TCGA-85-8584-01A-11R-2403-07","LUSC",4.43412493059886,4.95090787748565,12.0487877577702,3.40547921485386,4.47707197583178,2.33478465772306,7.08161621484562,5.87417179545116,7.67069068942329,6.87549289990669
"TCGA-85-A4JC-01A-11R-A24Z-07","LUSC",1.63848699872805,2.3838609328174,9.92754330242693,0.773910531924449,1.36452128248686,-1.75123199180134,2.95698054829351,4.42558032735928,5.76141461095694,4.38132516220324
"TCGA-77-8154-01A-11R-2247-07","LUSC",1.18747036092582,0.388830573944888,8.59288805688413,-1.15875299919437,1.04264921573045,-2.99449340530754,0.203344739386196,0.643135084401027,2.43335103263158,1.0932769521396
"TCGA-77-8146-01A-11R-2247-07","LUSC",1.79142385998295,2.44635028040611,9.7274266084416,1.34371825174464,2.16442597980992,-0.870634577305994,4.36761755929059,3.43034399890975,4.56679658008674,4.1215860460957
"TCGA-21-1072-01A-01R-0692-07","LUSC",1.03792499474835,2.44938177457829,9.80586969471268,-0.37651552732335,4.04798274476802,-0.809815906679821,6.44297261377474,5.74043510607072,3.48482681636299,5.22274484540282
"TCGA-NC-A5HF-01A-11R-A26W-07","LUSC",-1.3096225133051,1.71608843359122,8.11260189152995,-1.50047004200101,2.40665468616902,-2.27913437599363,-0.773261328212809,0.0389193278059032,2.06566787881541,0.443775292802836
"TCGA-77-6842-01A-11R-1949-07","LUSC",3.89375029380886,5.46613498620551,10.3806555736683,2.54105508716402,7.35051195464363,1.87136254759918,6.47072296241525,6.54260975143348,8.01270172520629,7.00867814635167
"TCGA-37-5819-01A-01R-1635-07","LUSC",3.00912755451339,3.08605321523823,9.40086326988735,1.66270164818033,1.64677419607666,-0.839160214858068,6.10970941137562,3.55912035630592,5.69384379963137,5.1208911891043
"TCGA-22-1012-01A-01R-0692-07","LUSC",2.51307726728275,2.85167404126399,9.43477276151488,1.00576295863029,3.15668014420118,-0.276259743761048,4.44742703896994,4.79878519838828,7.34809894277719,5.53143706004514
"TCGA-56-A62T-01A-11R-A405-07","LUSC",-0.92824406248463,3.65823604462516,9.38054564747713,-0.0839215636885119,1.94596932612951,-0.0839215636885119,2.47516866418303,3.35955860152455,4.14879663749501,3.32784130106753
"TCGA-94-8490-01A-11R-2326-07","LUSC",1.79322251387139,2.53092354284074,7.90020620683352,0.477102114188432,2.54577778399307,-0.464240918012325,4.057815346579,3.51840646313957,4.13619962391913,3.90414047787923
"TCGA-60-2716-01A-01R-0851-07","LUSC",0.361390689185005,0.219984033631224,8.9849711632771,-1.83897331428456,1.88652206653292,-3.35050300769115,2.38122146510033,0.403857806964815,2.29937076104261,1.69481667770259
"TCGA-56-7823-01B-11R-2247-07","LUSC",0.169388244647239,2.52236466450157,7.86670415729725,0.298858198686518,3.05740926488969,-0.692996858807529,6.58722892510137,4.1566544807985,4.19810513554606,4.98066284714864
"TCGA-43-5670-01A-21R-2125-07","LUSC",-0.680351216259755,0.0489554051541779,10.0316333938346,-0.623058451696834,0.87948757496149,-2.7057490642383,-0.00505629334455813,3.24462926926479,3.39278417954915,2.2107857184898
"TCGA-90-A59Q-01A-11R-A26W-07","LUSC",4.53583353408314,5.60799093544778,11.4698136388717,3.39858310418268,4.04576558600298,3.21093169786512,7.65055056407649,6.33111565341118,7.50143993454389,7.16103538401052
"TCGA-66-2794-01A-01R-1201-07","LUSC",5.51853735389763,6.03725768486643,10.9857409837947,3.66957190522065,6.23997691627481,3.43029122307391,8.58796354426727,7.9832326622527,8.01030085227455,8.1938323529315
"TCGA-O2-A52Q-01A-11R-A26W-07","LUSC",3.26611555572501,3.86047730404643,11.547273653184,3.08568490449895,6.13545775835811,0.502384780307785,8.78648157611796,6.57877987788311,6.40185926402176,7.25570690600761
"TCGA-33-A5GW-01A-11R-A27Q-07","LUSC",-0.73288381023084,-0.451919626107911,8.54646083479006,-1.58054553868494,4.31145636693885,-3.58713310490529,-0.663908657665743,0.151377183849705,1.71353275169209,0.400333759292018
"TCGA-85-8048-01A-11R-2247-07","LUSC",4.38530268768306,4.86909780849487,11.0247056569594,3.48627642246416,3.63929048158799,1.96914705253516,6.46166050183992,6.20072397811609,7.30659365168564,6.65632604388055
"TCGA-66-2782-01A-01R-0851-07","LUSC",2.75363688212244,4.11639626471531,9.71467702712321,1.60667278050136,3.02787368242971,0.995786376469411,5.45713892813184,7.13927258808818,6.23866307268339,6.27835819630114
"TCGA-85-7698-01A-11R-2125-07","LUSC",2.83055151509344,3.27131626703947,9.84706052271929,1.90088387097543,6.1677960007035,0.329002074568993,5.77337702807265,5.17293640962875,5.59973382391281,5.51534908720474
"TCGA-66-2766-01A-01R-0851-07","LUSC",2.48238336456782,2.41693779576438,10.4630024118938,0.15303617581374,6.65050800520154,-0.44430581608876,5.12155222147446,5.18197631675936,4.58459793355987,4.96270882393123
"TCGA-37-A5EL-01A-11R-A26W-07","LUSC",1.24535676114856,3.46249318195177,11.5115308108279,1.59930051512195,-0.189863292950122,-1.56332617198475,3.06174499301258,1.64383824673246,4.49010603231917,3.06522975735474
"TCGA-33-AASI-01A-22R-A405-07","LUSC",2.86291850010775,3.60315621124578,10.9154663599868,2.45188826144873,2.82401915175425,-0.204724145387405,7.85503238682676,7.42166886479037,5.66541424308442,6.98070516490052
"TCGA-NC-A5HR-01A-21R-A26W-07","LUSC",2.20828510606203,2.47412879955874,9.23751090515868,0.263602543396947,4.69493915062203,0.318449626627993,6.23060466201027,4.56204211454223,4.73958393901759,5.17741023852337
"TCGA-66-2768-01A-01R-0851-07","LUSC",2.77864016591558,4.07532647137918,12.022207807528,2.16784018414168,3.27338897693337,1.00925113199028,5.73010397033501,8.48941794283629,5.42744635219084,6.54898942178738
"TCGA-66-2800-01A-01R-1201-07","LUSC",1.72099739036443,2.21167031591212,9.81964075308229,0.626517979994773,3.7325831403567,-1.74354452396158,4.96475806248696,3.91267591857599,4.17254217660226,4.34999205255507
"TCGA-18-3411-01A-01R-0980-07","LUSC",2.27737742291372,3.81249346153211,9.48179152139609,1.0407970529714,2.87277663317172,-0.618358960475148,7.87779242645526,6.39093320955079,5.57475883152662,6.61449482251089
"TCGA-22-1005-01A-01R-0692-07","LUSC",4.97598099960491,5.46375504317728,11.3746002139958,3.85546998925676,3.44822930559453,2.31666858515509,8.26411070176509,5.79436434870743,7.47621289297584,7.17822931448278
"TCGA-58-8391-01A-11R-2326-07","LUSC",1.21707467135342,2.53566269278364,8.58709074288361,-0.478747489724517,4.79471049653417,-0.62760550289332,3.61530954105601,2.09829457096961,4.13186811438858,3.2818240754714
"TCGA-22-1016-01A-01R-A96U-41","LUSC",2.23495946352281,2.67652063752144,9.16653335931268,1.12811692874035,3.29241649764215,-1.20125257182425,1.66862485692218,4.17234103997173,3.14629787414126,2.99575459034506
"TCGA-85-8354-01A-31R-2326-07","LUSC",0.831883234927355,2.58807448686428,8.73883687846203,0.493708203307679,1.86818083598857,-0.443670905432581,3.46617002193652,1.88774221237522,4.52433653254069,3.29274958895081
"TCGA-77-6845-01A-11R-1949-07","LUSC",-0.288708174053339,0.125235837208485,7.37819205736174,-1.84756732891571,3.00288669348162,-2.46009770892863,0.172456368177337,-0.147711699889639,2.34145971597936,0.788734794755684
"TCGA-60-2723-01A-01R-0851-07","LUSC",3.9805689673272,5.58551765756522,11.4369612735241,2.82342495760829,7.13906628455005,1.26547126571156,7.21889120044185,5.58418350938181,6.91048565455792,6.57118678812719
"TCGA-98-8023-01A-11R-2247-07","LUSC",3.14042864573421,4.81700718535292,10.3583088689425,2.27002404714671,2.85713241816944,1.44670405859873,6.70854414884731,7.5382651725735,7.80464811774264,7.35048581305449
"TCGA-77-A5G6-01A-11R-A27Q-07","LUSC",0.751919214205334,1.14430628860854,8.11361198526518,0.0591541559992995,0.344950029402763,-2.51873220672255,4.28426506157381,2.70485172477661,3.24944729616579,3.41285469417207
"TCGA-77-7338-01A-11R-2045-07","LUSC",2.09997255321109,2.53291139429133,9.12906013620229,0.542892696335211,3.84304994735902,-0.37170485147839,4.24027267841076,3.43669402854317,5.86962796742868,4.51553155812754
"TCGA-77-8136-01A-11R-2247-07","LUSC",4.0167381752379,5.28019102392203,11.0301291037988,3.39953609845762,6.62309534770726,2.23887255846388,8.39779706627728,8.31116861766675,7.22717308135459,7.97871292176621
"TCGA-66-2744-01A-01R-0980-07","LUSC",4.55029998234314,6.05076479319479,10.8820866711896,2.58917270594682,5.47081796178596,2.22844953034603,7.59721153779305,8.47103812297383,6.98449385947034,7.68424784007907
"TCGA-21-1076-01A-02R-0692-07","LUSC",2.66910970449365,3.31353753736123,10.8225820916158,2.65464560686051,4.31225043211586,-0.810314853095623,7.00971874294484,6.16454031175581,5.71329257891535,6.29585054453867
"TCGA-77-7463-01A-11R-2045-07","LUSC",-0.0755818820373629,1.85430562255297,8.05276193234386,-0.186852506367816,4.9158321917934,-1.19426774855641,4.08960389037819,3.48561915701953,3.84771632416413,3.80764645718728
"TCGA-22-5485-01A-01R-1635-07","LUSC",1.32412164404386,2.09310073061052,9.18299575692453,-0.194177798459244,4.18520265642598,-0.612786433942035,3.62651163690677,2.83902311898361,3.85292506202625,3.43948660597221
"TCGA-34-5234-01A-01R-1635-07","LUSC",4.78740040295984,4.89003875928432,11.4252756667033,1.92636532206306,2.8256611462346,1.47399390490243,6.14368179304337,7.9526188186005,6.48235802937411,6.85955288033933
"TCGA-33-4586-01A-01R-1443-07","LUSC",0.350928437215419,1.99639836522057,8.64270225567306,-0.662084517135579,5.8495045447157,-1.2048160767369,3.41968354990501,2.46294505855568,3.72496160928416,3.20253007258161
"TCGA-22-5480-01A-01R-1635-07","LUSC",2.16180761084201,3.59989372050852,11.428909690233,2.77114086924533,4.67918491341868,0.328544090347854,7.9741643660211,8.45754166441372,5.77692494998997,7.40287699347493
"TCGA-60-2704-01A-11R-2045-07","LUSC",3.28428651620073,3.49871557604853,9.60653167660425,1.52496904159037,4.0132284009494,-0.398054624908377,6.70252422169651,5.36925816564681,5.12399980044648,5.73192739592993
"TCGA-43-7656-01A-11R-2125-07","LUSC",3.71224466462279,4.02991752727205,9.9257292117804,2.75726984319927,4.53674637899464,0.961193430982813,7.36755762723334,5.96371588416451,5.70221232411397,6.34449527850394
"TCGA-18-3415-01A-01R-0980-07","LUSC",3.85971361590008,5.45727681405518,11.3692125786434,1.78921451956798,6.85850706729529,0.874853938316899,7.1290084544247,6.84766048943277,6.26764255203488,6.74810383196412
"TCGA-66-2742-01A-01R-0980-07","LUSC",2.36259905481346,2.23853157956752,9.55475889414852,0.171790576073138,2.56402548044056,-1.03048483999355,5.34393653697371,4.12259212465406,4.06708549447619,4.51120471870132
"TCGA-56-8626-01A-11R-2403-07","LUSC",1.12225130740732,1.34277062317453,9.69507316540116,0.18047870984765,1.67939843371141,-0.999480443036577,2.50136654689314,1.36169197189166,3.55452996973838,2.47252949617439
"TCGA-43-6143-01A-11R-1820-07","LUSC",2.19777126294443,2.40848034871466,8.82878173337279,-0.231691732398916,2.82046973699605,-1.20124863936312,4.59916079591639,4.11497348467184,3.66174411405107,4.1252927982131
"TCGA-98-7454-01A-11R-2045-07","LUSC",3.41458369483569,5.00746509643751,10.1375744120799,2.40447618832571,4.70248985241868,1.63660882272381,7.38677151981792,6.21126854565459,6.70771959599132,6.76858655382127
"TCGA-43-6771-01A-11R-1820-07","LUSC",2.66185592735494,3.25483662951589,10.7977079334277,1.56042426865004,4.71040944785795,-0.5280040749819,6.45551382571234,5.54705835563459,5.10046918472413,5.70101378869036
"TCGA-85-8582-01A-21R-2403-07","LUSC",1.67212492486193,2.50375800308771,9.93399362661443,1.38653698864205,3.29628881283856,-1.41502306945498,5.28875494389543,5.73923788884526,4.9778867978573,5.33529321019933
"TCGA-68-7756-01A-11R-2125-07","LUSC",1.24083633297779,2.10697182469497,9.7076551254486,0.277969047038905,4.02981875793921,-1.3640076866668,4.34134252591981,3.95939307516586,4.22373342959207,4.17482301022591
"TCGA-43-A56V-01A-11R-A26W-07","LUSC",1.25171566500927,1.49046261696592,8.22181854213398,-0.153289270354689,1.86193418001435,-0.967323325804905,2.86303272000754,3.92829271045704,3.21058106118812,3.3339688305509
"TCGA-60-2706-01A-01R-0851-07","LUSC",4.30940467435535,4.07891657233224,9.97269210797055,2.99212449034175,3.01339802310659,1.00938262857558,8.02523432282725,5.31961734333327,6.19640699140838,6.5137528858563
"TCGA-77-6843-01A-11R-1949-07","LUSC",-0.136661574677839,0.0832738932826154,9.2426589495395,-0.762131571263364,4.58459321575518,-2.09101076487337,2.42254786155174,1.31177568871963,2.30082456230927,2.01171603752688
"TCGA-63-5128-01A-01R-1443-07","LUSC",0.230464326039427,0.672103788322152,8.27968692711035,-1.94268180742239,3.53139810072063,-4.00516050606504,3.36128719216724,1.80736226768526,1.90586584742651,2.358171769093
"TCGA-66-2783-01A-01R-1201-07","LUSC",2.51340903255587,2.63264868257862,9.60119175049673,1.2070282457269,4.92128818298895,-0.180177147278323,4.82779496624869,3.77509054083224,4.57316657299425,4.39201736002506
"TCGA-63-A5ML-01A-31R-A27Q-07","LUSC",2.86204724997714,3.29520529891919,9.66516977303504,1.95462932144441,5.34203561023809,0.657721733882069,5.58660721588781,4.34255335969857,5.03224479880798,4.98713512479812
"TCGA-77-7138-01A-41R-2045-07","LUSC",-0.210766947967924,2.35840858415008,9.6123373429945,-0.459204108593655,2.47412065113379,-0.721028057459106,3.40961195269177,2.72427810450781,3.69925606016202,3.27771537245387
"TCGA-58-A46J-01A-11R-A24H-07","LUSC",2.05920147398138,2.2750424262072,9.48062452143674,1.06468209437916,2.68443218695354,-0.738487174010371,3.84791035038737,3.23464848966555,4.39114871860124,3.82456918621805
"TCGA-92-8064-01A-11R-2247-07","LUSC",5.19539094263641,6.07577290257504,10.5850399109461,3.24258664288879,7.66134308520293,3.0562932621684,9.6237739903974,8.82781155100317,7.99879513425575,8.81679355855211
"TCGA-66-2758-01A-02R-0851-07","LUSC",4.93795549797805,5.73224473038216,9.82538345422099,2.98885081098066,5.73670262863412,2.10075999136657,8.02291326233034,6.28486696527889,6.9280871064963,7.07862244470184
"TCGA-22-5473-01A-01R-1635-07","LUSC",1.48684926196796,3.79881299983436,9.35998458957812,0.180302811584216,6.59046046762861,0.116452615652759,5.38656895299873,4.56872757639285,4.94387928463719,4.96639193800959
"TCGA-46-6026-01A-11R-1820-07","LUSC",2.905203258004,1.10524117842229,8.09752086448539,-0.758117153706672,-0.294928392049594,-2.22253279384429,3.63592917354748,0.898131966539569,3.16664728558499,2.56690280855735
"TCGA-33-4583-01A-01R-1443-07","LUSC",3.74692215422339,5.17973786509939,11.2946235192862,0.896865531363133,6.32261036950108,0.7144592350464,5.09846173065474,5.48962621703184,6.13446826061911,5.57418540276856
"TCGA-56-7822-01A-11R-2125-07","LUSC",1.52756755345647,2.44013228206509,9.35504341196497,-0.635532047072584,1.77054456678651,-1.39200570426381,1.23949119160383,1.89332586758372,3.53038995150626,2.22106900356461
"TCGA-22-5479-01A-31R-1949-07","LUSC",2.25625307530275,3.49991100497894,9.90320245814787,1.3409685799962,4.79386804096907,-0.236780286854683,6.71569005292827,5.42642031185291,5.13346844685251,5.75852627054457
"TCGA-58-A46M-01A-11R-A24H-07","LUSC",3.41282003619393,4.80109998554413,10.1866671786084,2.02348729794532,6.54968911866194,1.4520611862961,7.68786262905291,7.14476221197922,5.8451633060932,6.89259604904178
"TCGA-60-2712-01A-01R-0851-07","LUSC",4.00676069988005,4.17036161497479,11.1460913125391,3.04080576124304,4.52177340298123,0.670108480326666,7.9871133422651,5.98363367407799,6.39573715935061,6.78882805856457
"TCGA-56-7221-01A-11R-2045-07","LUSC",-0.13118503057103,0.605783402278741,8.54617772182367,-0.971810895268349,1.18970983303005,-2.6838534862886,0.59793378901124,0.611934708430093,3.08912503877736,1.43299784540623
"TCGA-21-A5DI-01A-31R-A26W-07","LUSC",2.00147703238542,3.08752054038844,9.15852924189975,-0.457869091426992,3.23401575327693,0.326730871587,1.8566477150501,5.38873936375942,5.79208350951889,4.3458235294428
"TCGA-77-8138-01A-11R-2247-07","LUSC",2.02274469702391,2.68329018389687,10.5373304076683,0.582897846793395,3.11688422801189,-0.744650242414498,4.73855004897734,5.05266318675355,6.87936655949644,5.55685993174244
"TCGA-94-7033-01A-11R-1949-07","LUSC",1.59667461636887,2.31650491548559,11.0241449026639,0.338863937064193,2.26164046951451,-0.405463160532322,4.32149195864175,4.34178357989547,4.79067879149204,4.48465144334309
"TCGA-21-1070-01A-01R-A96U-41","LUSC",4.10217526433309,5.27655637346302,10.3615211339775,3.71754685974774,5.50896887833846,1.979036144146,7.41688756035666,8.59916023258257,5.92684726780049,7.31429835357991
"TCGA-56-8305-01A-11R-2296-07","LUSC",-0.101853956615454,0.979656385822458,9.04712173708382,0.100826077990235,1.02732413071436,-2.9486319891219,3.54803825305275,2.7942067502355,3.14489539800639,3.16238013376488
"TCGA-22-5472-01A-01R-1635-07","LUSC",2.02431061769286,2.45933020030048,9.66697229341151,0.129135237168945,2.14988779864555,-1.24612599486439,3.21013279077656,2.06416206969366,4.08466274111879,3.119652533863
"TCGA-22-1017-01A-01R-0692-07","LUSC",2.55051404158581,4.30305628693608,10.3866488411952,2.85455735773744,6.05934306447537,1.45324653742693,5.85488565925887,4.48619174472639,5.53491010723787,5.29199583707437
"TCGA-56-8504-01A-11R-2403-07","LUSC",3.03429229309971,3.27007431706786,10.3439514318124,1.62814185478312,2.92494298607677,0.844529419741128,6.23631185263854,4.87174953824143,5.59973990865496,5.56926709984498
"TCGA-43-5668-01A-01R-1635-07","LUSC",4.26582273230047,4.81487196202872,11.0773675206637,3.38865839277911,3.81657817186032,1.75265730087131,9.08130190725697,6.66243863226785,7.13172426974514,7.62515493642332
"TCGA-18-3407-01A-01R-0980-07","LUSC",2.5170405389445,2.81268715941674,10.3106111742157,0.758903710288857,6.23212622515768,-0.893525542800828,3.59942641714586,3.95175329231413,4.70589110459534,4.08569027135177
"TCGA-56-8623-01A-11R-A28V-07","LUSC",3.42326316389779,4.31925907660733,10.9984845654481,1.57747740567469,4.65159296883114,1.13959798548276,4.45734418388319,4.0949641951511,6.48139747286108,5.01123528396512
"TCGA-90-6837-01A-11R-1949-07","LUSC",2.24201312181399,3.27603301909941,10.1024269104265,1.34592587845607,3.03395428830116,0.377266967093327,5.39325049330556,3.74223192422608,5.51416940502149,4.88321727418438
"TCGA-18-4083-01A-01R-A96U-41","LUSC",3.57272427440606,3.11720185568889,8.32429507201828,1.42619956557706,6.58974681522578,0.876970319069538,4.87198933721481,3.88693619209407,4.21900168006755,4.32597573645881
"TCGA-33-4533-01A-01R-1201-07","LUSC",3.32950747706598,1.95179402476744,9.97663559056397,-0.0198469136013752,1.41635409801054,-1.98641153805132,3.8366648031541,2.69647752552816,3.26259500722726,3.26524577863651
"TCGA-43-7658-01A-11R-2125-07","LUSC",4.22602214418553,3.81323008098091,9.68297205588959,2.7632194232206,2.89782091188488,1.58350688723086,7.16668319831653,7.17771394578574,5.93455388858069,6.75965034422765
"TCGA-60-2711-01A-01R-0851-07","LUSC",3.14388274991993,4.34475979325368,9.74092666152585,2.63900899699259,1.73883495112131,1.0574095274917,5.4303065932017,3.82543456581153,5.57934474569754,4.94502863490359
"TCGA-98-8020-01A-11R-2247-07","LUSC",2.29621158718277,4.23596823110339,10.793054127348,2.4243860398492,3.75421479518696,0.733515040369238,6.58474951536503,6.03338327530795,5.59310600437644,6.07041293168314
"TCGA-43-7657-01A-31R-2125-07","LUSC",1.20205548796134,0.696117886644921,10.476024869194,0.272849392470136,1.04957350664416,-3.28516705074588,2.89755825335983,1.59893582280297,2.17792556257676,2.22480654624652
"TCGA-60-2695-01A-01R-0851-07","LUSC",3.55702240705935,3.5439474885954,9.52140708715864,2.01775237485987,3.05310744547556,0.142302644830461,5.72160284356045,5.05125964421396,5.28773678928506,5.35353309235316
"TCGA-22-1017-01A-01R-A96U-41","LUSC",2.55039612236892,4.50632383459119,10.2491080083078,3.36258632853721,5.88734164632324,1.07295053647573,5.68725427169162,5.02956907335664,5.13512662156572,5.28398332220466
"TCGA-60-2698-01A-01R-0851-07","LUSC",4.3111450154872,3.98467568783971,10.4637474416007,2.10910123485468,3.61179776962525,1.14733822296198,5.90814154695919,4.98772273665835,6.39803498838794,5.7646330906685
"TCGA-60-2715-01A-01R-0851-07","LUSC",2.58338644867772,3.75543925164213,10.7087767298548,1.8542803086303,3.55219116013679,0.994766789152267,3.6391049243653,4.96197565033144,5.40165476488777,4.66757844652817
"TCGA-22-5471-01A-01R-1635-07","LUSC",5.12084481140283,5.63412052465558,11.5128066134219,3.84134888319237,4.08894295597851,3.05665728672022,8.47527403102842,6.96914201066068,7.92387357635469,7.78942987268126
"TCGA-22-1000-01A-01R-A32Z-07","LUSC",3.47961914491486,3.61948004058841,11.1944946767336,2.48095438866754,3.39903495171829,0.446940475849199,6.5855779864428,5.33439064605667,5.72094072685437,5.88030311978462
"TCGA-60-2697-01A-11R-2125-07","LUSC",4.27469545544153,4.40716457730324,10.80582212269,3.69251086817767,3.71505622964464,1.0192262776027,5.982418929738,4.43129525040746,6.62250193113958,5.67873870376168
"TCGA-21-1078-01A-01R-0692-07","LUSC",0.284763517049943,1.08688337451253,9.13871896580106,-1.46091384640061,1.29377690060396,-1.90258594457343,1.95928127352011,1.16409874962343,2.17050144871733,1.76462715728695
"TCGA-43-A474-01A-11R-A24H-07","LUSC",-2.3098902048115,0.563130396999951,7.78872248452331,-3.6653805314548,2.70420778528173,-3.6653805314548,1.98485679880801,1.2444748759322,1.4436710690454,1.55766758126187
"TCGA-96-7545-01A-21R-2045-07","LUSC",2.6951366421261,3.33810239072394,9.76277313897619,0.687060155914503,4.41154327917738,0.643267951692777,5.31869640221888,3.24126459828928,5.11066879848104,4.55687659966306
"TCGA-18-3416-01A-01R-0980-07","LUSC",5.83262438786935,6.13554474230442,11.0759003753997,3.82858971312519,7.2419788729747,3.32285389404195,8.51855863309887,9.17260057226013,7.38732541688924,8.35949487408275
"TCGA-39-5039-01A-01R-1443-07","LUSC",3.09779590682148,2.99700929247574,10.1261195578693,0.386929813886528,2.01372767311004,-1.37029490780678,3.27650001683193,5.50293637833394,5.54867117146293,4.77603585554293
"TCGA-90-7964-01A-21R-2187-07","LUSC",0.62026124264902,2.25301275646282,8.94430542893212,-1.07135182020367,2.09961662706109,-0.92563376944944,1.66597300498284,1.76947503264477,4.4530808718939,2.62950963650717
"TCGA-60-2714-01A-01R-0851-07","LUSC",3.12520784005853,4.17044148265594,10.9310587002114,4.28333976914795,5.78678652142957,-0.0374772642693287,8.05762850583757,5.29702747590937,5.67963861707988,6.34476486627561
"TCGA-NK-A5D1-01A-11R-A26W-07","LUSC",3.45677895130638,1.95169845376255,9.81259161804085,0.211490646333478,0.570122366511319,-0.582651131965699,4.40012276776689,3.94443925297977,3.97473960259023,4.10643387444563
"TCGA-18-3406-01A-01R-0980-07","LUSC",3.39012046410041,3.84536529243485,11.6620473447021,0.767716257392482,2.9918476430545,-0.0159732496881366,7.12930163952056,7.39320506070459,5.37598870004372,6.63283180008962
"TCGA-21-1083-01A-01R-0692-07","LUSC",3.09676474337564,4.06706017876115,10.0742849582515,1.87513916469738,6.26641987860431,0.999296606866625,6.66245081908357,5.84909490615627,5.92900742156534,6.14685104893506
"TCGA-94-7557-01A-11R-2125-07","LUSC",1.61496229072228,2.46832909137714,9.20487940478123,-0.332373649096684,3.52226457125134,-0.909689421464316,2.34266919560361,2.90457462593899,3.66976946029769,2.97233776061343
"TCGA-94-7943-01A-11R-2187-07","LUSC",1.95266261688419,1.72969041376386,9.59823386527894,1.00851939325209,1.55042790464843,-0.323221956191399,5.15089739381806,3.50325318530428,6.43648496365546,5.0302118475926
"TCGA-J1-A4AH-01A-31R-A24H-07","LUSC",0.764262295462218,1.67667477621985,8.10566105349831,0.244252237849807,5.27840510600362,-1.9460152480376,3.67827568487579,1.97170748228803,3.16253718702976,2.9375067847312
"TCGA-18-4083-01A-01R-1100-07","LUSC",3.81931478577922,3.17943081888694,8.64252242980834,1.45809650796989,6.95887885676001,0.680050728263459,5.40090902460092,3.94426900050719,5.10414161659911,4.81643988056907
"TCGA-90-7766-01A-21R-2125-07","LUSC",2.65156326652916,3.76339712562327,9.40637295715862,2.0398988892042,3.57367496766861,0.880176688997445,5.33680600007586,4.26012311877461,5.17783977014058,4.92492296299702
"TCGA-21-1070-01A-01R-0692-07","LUSC",4.15706599538097,5.08966561576223,10.9348970778577,2.81143748136785,5.82037355761484,1.93906165090709,8.54690025868963,9.22075157859642,6.74128966316916,8.1696471668184
"TCGA-60-2710-01A-01R-0851-07","LUSC",2.99113980905114,3.11612593316207,10.0544497368818,1.77109275356129,3.51380047720338,-0.398415107301729,7.05549948868758,5.14398008267818,5.16572704055965,5.78840220397514
"TCGA-33-4589-01A-01R-1443-07","LUSC",4.63803975690794,5.87297149884607,12.3124386930866,2.10898736844828,6.05010879348591,1.4565881337173,9.54068503949468,9.55354676976848,7.632816180262,8.90901599650839
"TCGA-43-2576-01A-01R-A32Z-07","LUSC",3.28497468622742,4.31091524189712,10.6802849908792,2.29341305447425,2.96926397567748,0.9993340780262,6.18114087089368,4.88199154101733,5.97043861274555,5.67785700821885
"TCGA-68-8250-01A-11R-2296-07","LUSC",2.75608994951927,3.64314120417356,10.275817739353,1.94435036000547,3.69642247466591,-0.544088244052876,5.91286509059041,5.25355592132501,5.09177183837723,5.41939761676422
"TCGA-18-3410-01A-01R-0980-07","LUSC",4.48049758300995,4.15351160801328,10.798857462875,2.46880114653732,7.80985205136751,1.38848223800249,6.86080005525706,8.45574530220232,7.15332101015313,7.48995545587084
"TCGA-33-6737-01A-11R-1820-07","LUSC",2.13929051656872,3.90145673038436,9.42049773667489,0.911468977839585,3.69557032047641,-0.187473737950318,5.41022476430499,3.74242326980415,5.78060689701793,4.97775164370902
"TCGA-18-5595-01A-01R-1635-07","LUSC",-0.0450262503800863,1.96642670170377,9.70614523089908,-1.16017070776724,3.77881495437109,-1.25780415051891,4.17816257055828,3.3522236706986,2.97364870242125,3.50134498122604
"TCGA-43-2578-01A-01R-0851-07","LUSC",4.60832415707575,3.48540667347091,9.87947480997451,2.10459730583056,1.7994705716107,0.120293346358127,6.96407352205816,4.20437792732353,5.20995566225567,5.45946903721246
"TCGA-77-A5GA-01A-11R-A27Q-07","LUSC",0.952947629688974,2.22273875352287,8.74847027362961,0.255903779367849,5.03801158474555,-0.786690340090362,2.329157429958,1.23304268395401,3.77981647500406,2.44733886297202
"TCGA-33-4532-01A-01R-1201-07","LUSC",1.10718603396786,2.39545001943853,8.4563571044224,0.426249548471844,2.52257885946667,-0.694148053812752,3.10709829129407,2.1187375531579,2.67970336695689,2.63517973713629
"TCGA-33-AASD-01A-11R-A405-07","LUSC",0.645400495411224,2.5730178621592,10.4571364955986,0.402938182224894,2.61599788090262,-0.858812834756188,5.13073177391654,5.4014231609804,2.72413239913946,4.4187624446788
"TCGA-60-2721-01A-01R-0851-07","LUSC",4.53553782378221,4.42817015525001,11.0565416166676,2.7405402792634,2.90878621865906,1.84289852032191,7.93302459998892,7.73902993483328,6.65082596332982,7.44096016605067
"TCGA-98-A53C-01A-11R-A262-07","LUSC",4.11179145710896,4.45065446015436,10.4546044452613,3.66940639865516,4.64697895683606,1.03936033363207,5.68937774353371,3.83154044358137,6.40603695570029,5.30898504760513
"TCGA-18-3421-01A-01R-0980-07","LUSC",4.67338183031106,5.33076536202405,9.88502962920649,1.01584333913311,5.15434572650121,1.36546203985268,7.11968880222301,7.24015773759201,6.81620744869929,7.0586846628381
"TCGA-94-A5I4-01A-11R-A26W-07","LUSC",-0.181782756493895,0.263756911735792,9.24331186455799,-0.924061943615908,2.00963101646055,-2.43918061633525,1.08258489137682,2.39245142611979,3.26773316388278,2.24758982712646
"TCGA-O2-A52S-01A-11R-A262-07","LUSC",2.31265515607541,3.35973438308351,8.93684132382599,2.0449591690778,3.17133906950242,-0.0678468711333628,7.81709933501047,5.35998696685598,4.92293262842693,6.03333964343113
"TCGA-56-A5DR-01A-11R-A27Q-07","LUSC",1.78151444586908,3.4929344341482,8.73323344156452,1.232792247952,2.91396748228865,0.538131064933082,5.26256243991225,5.28100855897198,4.38052967576278,4.97470022488233
"TCGA-56-A5DS-01A-11R-A27Q-07","LUSC",2.39922487679076,2.47525321956435,9.64630787119455,1.46630790423638,1.9022611344302,0.126935379176677,4.23863114978257,3.52068377482869,4.64188034974291,4.13373175811806
"TCGA-22-4594-01A-01R-1201-07","LUSC",3.41489130431167,3.79076552117043,10.2156012934018,3.01442797992714,2.72832931344199,0.417953566144609,6.23997667887891,5.28797650453518,5.28654450445577,5.60483256262328
"TCGA-34-8455-01A-11R-2326-07","LUSC",2.28618531349942,2.69304892570765,9.85215957525452,0.414806536700772,2.13885132416583,-1.01918396522895,6.32889367081069,6.13960107908976,4.71879555415938,5.72909676801994
"TCGA-39-5021-01A-01R-1443-07","LUSC",3.18696792417133,3.65277656923744,10.2665158077261,1.87853562920123,4.4171358551293,0.560508006447442,6.93614605575292,5.47270363996841,5.90651808047372,6.10512259206501
"TCGA-58-A46K-01A-11R-A24H-07","LUSC",2.57610037165566,3.22467252346561,10.2811554403494,1.44259371141351,6.52465336673787,1.18353938894343,6.20753134816098,5.15378326958368,5.08582165000389,5.48237875591618
"TCGA-22-0940-01A-01R-0692-07","LUSC",4.5457894819403,6.21290220568695,11.1802370167205,3.07190795775468,4.15898988849732,2.78827137515862,8.42414270615986,7.24401293827999,7.54515195291777,7.7377691991192
"TCGA-98-A53H-01A-12R-A262-07","LUSC",2.68909480137491,3.82146659629599,10.17905890001,2.28495940217737,4.59314285695011,-0.0597202898291308,5.01365109319484,4.91346112965292,5.8394649455716,5.25552572280646
"TCGA-77-8148-01A-11R-2247-07","LUSC",3.49110627427527,1.9935240876415,9.93179089620648,0.235544743597511,3.0294280613831,-1.68916075393415,6.67173348579333,4.83579683501226,4.54559885471151,5.3510430585057
"TCGA-79-5596-01A-31R-1949-07","LUSC",1.04040164867256,1.86839843115799,8.91866243950913,-0.606378629685342,4.1526163734867,-2.20546012198947,-0.437662213766239,-1.66841177358896,3.02166098885136,0.305195667165385
"TCGA-NC-A5HI-01A-11R-A26W-07","LUSC",2.13480192966649,2.20688194427646,7.92784671460984,0.582120263876164,1.50732436137138,-0.436618363993789,4.45359222281359,2.61399503721712,3.8711116470897,3.64623296904014
"TCGA-66-2791-01A-01R-0980-07","LUSC",4.15225367047038,5.23072968365761,10.4798787588602,2.86635580015182,6.46827496512887,2.25828243746927,7.77716105994669,6.62090240903429,6.54673599569139,6.98159982155746
"TCGA-33-4538-01A-01R-1201-07","LUSC",2.14267827135738,2.66871640500704,9.70117057417456,0.58205887453384,6.04528311708721,-0.773899469503298,5.1791780749448,3.14252224748234,4.19079591600373,4.17083207947696
"TCGA-L3-A524-01A-11R-A262-07","LUSC",1.42859468669221,1.38247807685459,8.33965737981425,0.490167756774395,1.96620364659203,-1.50217394254321,5.9497164161486,4.02450147802655,4.22764594305484,4.73395461241
"TCGA-60-2696-01A-01R-0851-07","LUSC",3.14772356752336,3.63498995020271,9.70780901554215,2.16195331511541,2.81549106279105,-0.287023428361676,5.89239888404936,5.25321680429791,5.62954684220649,5.59172084351792
"TCGA-51-6867-01A-11R-2045-07","LUSC",3.32903078820811,4.5042785513673,9.62261086174097,1.70452695344012,6.09399173794643,2.0865123870444,5.38905080115415,4.61011237272744,5.83823447115963,5.27913254834707
"TCGA-34-7107-01A-11R-1949-07","LUSC",1.53624520540312,2.16232428670372,9.67942717404124,0.910628460279957,5.80601288828537,-0.0488380092093316,5.85395352675109,4.82910279420333,4.52522236350675,5.06942622815373
"TCGA-NK-A7XE-01A-12R-A405-07","LUSC",2.30871064320289,2.58704032639726,10.2405309729202,1.55350305980088,2.15244848447612,-0.102325721693408,4.20245550600909,3.86059245478609,4.88455184550721,4.31586660210079
"TCGA-66-2769-01A-02R-0851-07","LUSC",2.73532400587429,3.36125374793053,9.8641821295483,1.85034833970291,4.5245283227312,0.37748451540818,5.96830804083198,7.53359607647626,7.23225634448508,6.91138682059777
"TCGA-18-5592-01A-01R-1635-07","LUSC",2.73251329987484,4.60894387384414,10.2998763062167,1.73027781525627,3.20343093778219,0.29121236599458,5.8651100925009,3.11669826001203,5.19317909144243,4.72499581465179
"TCGA-21-1079-01A-01R-0692-07","LUSC",0.588162195567203,2.26014774365268,9.92174023770676,-0.0263173326263482,5.15625049491523,-1.73172164617232,3.87424944548189,4.12545646398626,3.83037578419853,3.94336056455556
"TCGA-60-2726-01A-01R-0851-07","LUSC",3.28108270449794,4.229986991658,10.5632087056357,2.79529048598587,1.55169729925156,0.1082207886134,6.06809116207113,4.90232154837582,6.01759560070609,5.66266943705101
"TCGA-22-4595-01A-01R-1201-07","LUSC",2.33189318486987,3.42436628595342,9.94233091290489,1.29381916023411,2.87567037335059,0.454753286264085,6.67092281385865,4.66642905650241,5.40540098544745,5.58091761860284
"TCGA-MF-A522-01A-11R-A262-07","LUSC",2.02685947010124,3.39977115755466,9.67916184869794,1.30263706397088,3.01514633738601,-0.143797106276111,4.41966836131163,2.90248256339941,4.64774526695996,3.98996539722367
"TCGA-58-8387-01A-11R-2296-07","LUSC",3.45456235114816,4.61181260255429,10.6524663887993,1.66704276527295,6.80760511511242,0.743994517633477,7.68930434122067,6.48886944819877,6.38376965498503,6.85398114813482
"TCGA-77-A5FZ-01A-31R-A27Q-07","LUSC",4.60099843138642,4.41716788519953,11.0642892572214,3.98847356312691,4.43216905029206,0.696935800701145,5.63504417311995,3.93112678211194,6.86203965774936,5.47607020432708
"TCGA-66-2770-01A-01R-0851-07","LUSC",3.22487498354734,3.88182617719484,10.4886905080178,2.02831777983683,6.17643897842713,1.08035228895114,7.30290525153999,6.14388182321003,5.16284737557083,6.20321148344029
"TCGA-21-1071-01A-01R-A96U-41","LUSC",2.22650808893012,3.42733961952552,9.36371863602797,1.75450730158173,3.85713442154839,0.125911907631569,5.05723952656809,4.93769733414898,4.30744898310355,4.76746194794021
"TCGA-56-A4ZJ-01A-11R-A262-07","LUSC",1.70468115213788,2.98555991757719,10.1378638582043,1.14413372995469,2.84794153806414,-1.06061577912311,5.54683912991402,3.83116991193914,5.09788948286745,4.82529950824021
"TCGA-34-5239-01A-21R-1820-07","LUSC",4.16208760080092,4.36904012532247,10.4340310343843,2.48534589660855,4.31549623891009,1.33005271331979,7.89790149565948,6.51807041754512,6.66715153082634,7.02770781467698
"TCGA-66-2755-01A-01R-0851-07","LUSC",2.98415923370603,3.47081683584422,10.6239139330328,1.77136617983195,6.99143469739785,0.707766425230838,7.26363747244952,6.5010274399013,8.65830306202773,7.47432265812618
"TCGA-34-5231-01A-21R-1820-07","LUSC",3.28105393394382,3.56740064866573,10.1230714195898,1.0285590142608,2.43873427251536,-0.110318699350849,5.99707677585496,6.41213302997287,5.39256021909239,5.93392334164007
"TCGA-90-7767-01A-11R-2125-07","LUSC",3.56234916654197,3.51392129802759,10.3281847781846,2.33715234463254,5.44783401462441,0.764188698822418,6.52269113740396,6.74555223572414,6.40556339953964,6.55793559088925
"TCGA-77-A5G3-01A-31R-A27Q-07","LUSC",2.28404061651045,2.98646948561243,8.98408575453043,1.10823150445229,6.20674125701497,0.379701641262455,6.35296127811947,4.39340410318544,5.02562185788293,5.25732907972928
"TCGA-18-3408-01A-01R-0980-07","LUSC",2.40886512042216,3.88461966766648,9.59043363545805,-2.30166294497874,5.68407277598992,1.26700812070839,6.53417656603518,4.83954272219677,5.24575197002224,5.53982375275139
"TCGA-NC-A5HK-01A-11R-A26W-07","LUSC",1.86157400572588,3.46785317140302,10.7374107026335,2.67290052553874,6.07509043666233,-0.311191534171205,3.36223009870938,5.49206991721599,4.40717750307353,4.42049250633297
"TCGA-92-8065-01A-11R-2247-07","LUSC",2.82906620305785,3.10642423558711,9.78059003253905,1.93796320570907,2.70506371583422,1.29617037436205,6.27425467859765,5.12917791493169,5.55921868961156,5.6542170943803
"TCGA-37-4133-01A-01R-1100-07","LUSC",3.19314354514609,3.71817632393167,10.8187851077043,1.91278140949335,5.96249264594144,0.153193064917835,6.78719948597598,6.08871196979712,5.25605150897839,6.04398765491716
"TCGA-LA-A7SW-01A-11R-A405-07","LUSC",-0.617657810146721,2.74238550798173,8.3266358107701,-1.20609152910156,3.26803299894892,-2.27080124696226,-1.08575481664056,2.01228734628121,4.24957576888171,1.72536943284079
"TCGA-21-1082-01A-01R-A96U-41","LUSC",2.18859781338611,2.67591816342322,8.75756086873034,1.62340527852576,1.93577251795269,-0.584705676542153,5.13108984961604,3.8500176821544,3.9813265994947,4.32081137708838
"TCGA-85-7699-01A-11R-2125-07","LUSC",4.58133624320412,4.56364002869985,10.1330355578645,3.71847201610941,3.9345814992453,2.40406792093322,8.39148814123371,6.54876067573393,6.65754778664668,7.19926553453811
"TCGA-58-A46L-01A-11R-A24H-07","LUSC",3.07154505761882,3.42494461938068,9.03804205148849,1.83977543316775,3.41461446518306,1.63697099387567,7.69117351308834,5.78282453423206,5.67579146075626,6.38326316935889
"TCGA-85-8352-01A-31R-2326-07","LUSC",1.91424836836336,1.4174491337132,8.54890816327763,0.215820884963756,0.876295979826582,-1.16421631238524,3.80244920166052,3.79397317450551,4.39104292663412,3.99582176760005
"TCGA-22-4604-01A-01R-1201-07","LUSC",3.03036120455605,3.47435877292367,10.4691855327906,2.19892143901113,5.42794659770157,1.16088032080395,8.34299119281403,6.97997718890212,5.39332951325581,6.90543263165732
"TCGA-85-7844-01A-11R-2125-07","LUSC",2.11752073513976,3.49017781334634,9.24557415883218,0.745885484522401,4.50091410009598,0.0746952668451024,4.81606152372671,3.41971126029025,4.93304761101242,4.38960679834313
"TCGA-85-A513-01A-12R-A26W-07","LUSC",3.67190579391676,4.44063351303445,11.0232618047459,3.68371714461359,3.60309829505293,1.05587012707758,6.18912936898442,5.90538232600392,6.65678445833631,6.25043205110822
"TCGA-85-A511-01A-21R-A262-07","LUSC",2.53260582329486,3.53379203415369,10.4870962628216,1.9265708049622,3.65424681456633,0.711255303238957,5.54102211729999,6.14260626784698,6.29006756380056,5.99123198298251
"TCGA-46-6025-01A-11R-1820-07","LUSC",1.30763887094381,2.76476435361083,9.65904949394113,0.49719282972591,5.57947987119131,-0.808169813528599,5.78400767073811,5.69765359833768,5.80481205869228,5.76215777592269
"TCGA-43-8115-01A-11R-2247-07","LUSC",3.67330421671412,3.83600011074117,10.4648919612646,2.56066082482135,3.33219314690331,0.438187213335203,7.17258812007542,5.5281024712897,6.15462839409702,6.28510632848738
"TCGA-22-5481-01A-31R-1949-07","LUSC",3.77806456272689,3.9292837824516,9.93356684537726,2.22035539212052,5.7049264932648,0.646620319980172,6.89065194486737,6.53361037369783,6.45373157053072,6.62599796303197
"TCGA-66-2780-01A-01R-0851-07","LUSC",1.61976363647558,3.10134848268855,10.7920875678315,1.05630540385609,2.5654409623964,0.117365448858953,5.11976780770256,6.42238293057456,4.57132749249344,5.37115941025685
"TCGA-22-5492-01A-01R-1635-07","LUSC",3.53108955238276,4.7288135221006,10.2497882099247,2.81795930620085,3.72809503854446,1.07327088085927,6.63880157887997,6.298900457018,6.05574161126127,6.33114788238641
"TCGA-77-8139-01A-11R-2247-07","LUSC",1.67679027582587,2.96291273656496,9.1078272798583,1.00878689779537,2.69221957280595,-0.732794260336871,4.90096607668226,3.72610957769545,4.46006794869008,4.3623812010226
"TCGA-77-7140-01A-41R-2045-07","LUSC",0.314218565387436,3.04722949267345,8.660691619213,-1.21163661847451,5.7242369290939,-1.70235690479139,6.20961368807726,4.63296707442412,4.41174232773014,5.08477436341051
"TCGA-56-1622-01A-01R-0692-07","LUSC",0.398519392021864,2.14919885211655,10.4695159180819,-0.82738134440053,6.77203091114675,-3.38097152514579,2.0793316373125,4.14310749705119,4.47425558723318,3.56556490719896
"TCGA-66-2756-01A-01R-0851-07","LUSC",2.28208858108189,2.41941422723778,9.18029087779885,0.40416349807293,1.41370380857691,-0.857637557105275,4.71115967855424,4.94678121770465,4.65756938602777,4.77183676076222
"TCGA-34-5929-01A-11R-1820-07","LUSC",1.00501177965913,2.0215046507978,10.5580684065701,0.875225787615531,2.34939016251174,-2.00306594420685,4.56171939526382,7.6584853086764,6.13743060598925,6.11921176997649
"TCGA-21-1081-01A-01R-A96U-41","LUSC",0.376711574629861,1.57982667748453,8.38571014087374,0.135062356111158,1.2921950576686,-1.60905458851902,2.04781487410206,1.33112552792604,3.28214878881554,2.22036306361454
"TCGA-85-8481-01A-11R-2326-07","LUSC",1.61252322150397,3.03790609898654,11.0023000344494,0.560902672998139,3.77559756898918,-1.2772428501514,5.84736258100884,6.77460575084105,7.72128977292038,6.78108603492342
"TCGA-98-A53J-01A-11R-A26W-07","LUSC",0.640416394853986,1.62328617155769,8.88162639897846,-0.638366954408764,3.88610697978791,-0.514472651704424,4.39676520116978,2.86716171333277,3.39933429754978,3.55442040401745
"TCGA-6A-AB49-01A-12R-A405-07","LUSC",0.752073833445,1.65522345495663,10.5185427245058,0.125997801942364,3.84549106959717,-1.67148629230844,4.0962880654328,6.24940614315867,2.6211868670905,4.32229369189399
"TCGA-O2-A52V-01A-31R-A262-07","LUSC",0.2635188907525,1.77418734277562,9.16966246525265,1.04817910271019,3.89508230645673,-2.584237345732,4.3901756786569,3.80269273621637,3.86615635633794,4.01967492373707
"TCGA-96-7544-01A-11R-2045-07","LUSC",2.10030572050101,2.77656173948102,8.99216138431624,0.37903051260962,5.75361306710561,-0.000329325685221569,7.01565945974506,4.97476933862721,4.94268483443518,5.64437121093582
"TCGA-LA-A446-01A-21R-A24Z-07","LUSC",1.07780294233929,1.91647977233657,8.24572787587365,1.06691684826375,4.823129551706,-1.46834783777926,3.06720359281944,1.67800655812268,3.65219795052903,2.79913603382372
"TCGA-21-1077-01A-01R-0692-07","LUSC",1.10161350698925,2.02346673970591,9.43927959067164,0.190497799255951,4.04795681428153,-2.39325249641695,2.73535319735474,2.60855483035964,4.37514391675432,3.23968398148957
"TCGA-85-A53L-01A-21R-A26W-07","LUSC",1.33987721606884,1.96111400330475,9.07189925638242,-0.610673664363209,2.44796801881667,-1.68074804680254,2.59443373282803,4.18433236623817,5.85754117889064,4.21210242598561
"TCGA-37-4130-01A-01R-1100-07","LUSC",7.03397062916907,7.41732341594405,10.6178355404924,3.96190743520088,3.82757002707186,3.29562154182615,9.63690874781769,8.47710099011404,8.93561373546978,9.0165411578005
"TCGA-66-2759-01A-01R-0851-07","LUSC",2.62933829272956,3.62307176565014,9.52526518126298,1.79358162761431,6.97726588239476,0.246716493387866,6.79177716947505,5.91989967296763,5.3585670560485,6.0234146328304
"TCGA-77-8150-01A-11R-2247-07","LUSC",3.41109517967477,3.545867176315,9.61675543948146,2.51916011491218,5.78315878345739,0.0794826146050564,6.89520291607162,4.75881020487458,5.49177553630715,5.71526288575112
"TCGA-68-A59J-01A-21R-A26W-07","LUSC",3.21279498972357,5.0060156577373,10.9984290678579,3.01022782836014,7.04167185352927,1.73334965776464,7.96769661330862,7.10359302321249,5.59057153802708,6.88728705818273
"TCGA-43-6770-01A-11R-1820-07","LUSC",0.614776431946407,1.91050379494482,8.84873364261687,0.0946834693555888,5.13852669104187,-2.43652059921529,3.04041360487761,1.85280078793863,5.01121645776228,3.30147695019284
"TCGA-22-5478-01A-01R-1635-07","LUSC",1.26421859871265,2.46758527162843,9.45623111900174,0.536484581014725,1.67984269769495,-0.665537709678319,5.1342244085363,3.3242451862307,4.58457672202379,4.34768210559693
"TCGA-43-A475-01A-11R-A24H-07","LUSC",5.21465700342584,5.87371186605684,10.6962215917805,3.82716252499251,6.5994082224029,2.61730696005417,10.0024527968361,7.65030467627846,7.64159280028877,8.43145009113444
"TCGA-56-7579-01A-11R-2045-07","LUSC",-1.29655975467967,0.746679972548708,9.31618716200851,-1.08185006894826,1.18941243341077,-2.71798590918725,2.36222750549191,1.54669490005862,2.34932549886933,2.08608263480662
"TCGA-63-A5MP-01A-11R-A26W-07","LUSC",3.40884202477779,3.36035784025021,9.67196574758395,2.89924006495907,7.41268747439275,-0.524086905455153,5.83530344826208,4.18106277009463,5.09740008267118,5.03792210034263
"TCGA-56-8082-01A-11R-2247-07","LUSC",-0.779361051835616,0.741458570173387,8.83846126868245,-0.927371308225348,3.097937174488,-4.11055452991651,3.11158476901074,4.75348737265691,6.09411059015729,4.65306091060831
"TCGA-34-5928-01A-11R-1820-07","LUSC",2.47305414643445,3.07891627010336,10.7616236515897,1.728623422092,2.77109417231087,0.00179044971861267,6.73317609065483,7.20670910224725,5.35245711932058,6.43078077074088
"TCGA-18-3409-01A-01R-0980-07","LUSC",1.00261879907317,2.01222977270292,10.3870384486075,1.26883952447284,2.70245555815008,-0.0607567514985433,6.84497892878083,5.42976329921155,4.79405823250628,5.68960015349955
"TCGA-21-1081-01A-01R-0692-07","LUSC",0.529670082634343,1.2484363950457,8.16491166541118,-0.591813735345238,1.42725925458272,-1.39980851993372,2.50075969187592,1.19598559315217,3.71808898256116,2.47161142252975
"TCGA-39-5027-01A-21R-1820-07","LUSC",1.47785019476114,1.62819040309847,8.93416642317554,-0.590593404777355,4.04632595252632,-1.86653094496529,4.38115660548053,2.90959540171226,3.52480470739843,3.60518557153041
"TCGA-46-3768-01A-01R-0980-07","LUSC",1.90485719942412,1.90495527573394,9.233642699374,0.408833104319768,3.7727426846044,-0.870963043811946,4.89283195237485,1.55591179958966,3.91914269920665,3.45596215039039
"TCGA-56-8308-01A-11R-2296-07","LUSC",1.72129460054734,2.2118187344524,9.63943968741307,1.54590477932932,5.26837710576087,-1.29663731780815,3.12253347561753,1.6739449725809,4.14977173945297,2.9820833958838
"TCGA-56-6546-01A-11R-1820-07","LUSC",4.28222848161555,5.28425201000595,10.6620478531373,2.45077321281041,3.498285472116,1.03047787497085,7.8116449629179,5.76064184537499,7.04880151723689,6.87369610850993
"TCGA-22-5474-01A-01R-1635-07","LUSC",4.01271047255124,5.00402420683322,11.2282413269046,2.9284679207231,6.16736115563414,2.69848297954017,8.26618391929417,6.90806870134488,6.99089271363106,7.38838177809004
"TCGA-39-5019-01A-01R-1820-07","LUSC",3.16412400569316,2.76194745936192,9.82657398884072,1.55286566262193,3.75586568984134,-0.402687955974769,4.64211954086983,3.53117256907752,5.14522110354444,4.43950440449727
"TCGA-22-4593-01A-21R-1820-07","LUSC",2.21047100554995,1.83745232977058,8.86916859144701,-1.49434786398251,2.17516053813213,-1.23285790265897,3.30919048560323,4.09348829417734,4.48897330229923,3.96388402735994
"TCGA-22-4601-01A-01R-1443-07","LUSC",2.14332553531496,2.28582753444878,10.2972541391313,0.374603017377255,3.89385098715115,-1.0227967577936,6.00861368154204,4.78995022798762,3.98906448360562,4.92920946437842
"TCGA-85-7696-01A-11R-2125-07","LUSC",1.59706422852804,2.1810555302899,9.75652008968729,0.209730794769881,2.19635139408853,-0.989178145308054,5.51092626876786,3.63409138916072,3.98995801421701,4.37832522404853
"TCGA-22-5489-01A-01R-1635-07","LUSC",3.3288487076824,3.83007042243256,11.1897746402818,2.61614907939668,4.8043182252318,0.816263118320093,6.94410762563602,7.6728623125354,6.56226750039372,7.05974581285504
"TCGA-22-4605-01A-21R-2125-07","LUSC",1.12923794693091,2.43396653871699,9.39834773746658,0.411358189778097,4.31559838660525,-1.65753137794955,3.779251119302,2.81933692523942,4.56163000088241,3.72007268180795
"TCGA-56-8309-01A-11R-2296-07","LUSC",4.25133369261203,4.67635257185682,10.8982271377555,4.14656679212033,5.23899842884708,1.85176937810283,8.22056990517314,6.40147439692056,7.76075644583948,7.46093358264439
"TCGA-85-8072-01A-31R-2247-07","LUSC",2.32800963421613,2.9713714685522,10.423468843112,1.65967383216884,5.68374512024313,0.507704557355387,4.78991010587188,3.84900775993896,4.99702134206301,4.54531306929128
"TCGA-63-7022-01A-11R-1949-07","LUSC",2.83952215705425,4.45809237396888,11.0602725694087,2.67206532414436,2.59288825442027,-0.281066112260315,6.63738574088206,5.08278396872152,5.54025854035032,5.75347608331797
"TCGA-63-A5MJ-01A-11R-A27Q-07","LUSC",2.19613515655159,2.56969164962481,9.59034712362143,0.890318136510537,5.912218928153,-0.0922470334891758,5.64302319107591,5.25793219558814,5.00768644189682,5.30288060952029
"TCGA-63-A5MI-01A-12R-A27Q-07","LUSC",0.65577851644754,1.20136714978651,8.39107693645296,-0.410652618419867,1.0774381215962,-1.85835311936251,3.31103153932473,1.77426568219819,3.07038601709532,2.71856107953941
"TCGA-90-A4ED-01A-31R-A24Z-07","LUSC",1.82888004697397,3.30194792673055,9.92601770908145,3.53149646462467,1.14234559721734,-3.21705349062162,6.26126046337318,3.52566277987291,4.38998735861365,4.72563686728658
"TCGA-77-A5GB-01B-11R-A27Q-07","LUSC",2.44305130456339,3.30124790532975,10.9097357573841,1.73046248723737,3.89377216013316,1.08378459235224,7.4830423798793,5.98024911085929,5.4306047654765,6.29796541873836
